NODE_1_length_267451_cov_420.750746	996	3011	-	MGA_2
NODE_1_length_267451_cov_420.750746	3008	4966	-	MGA_3
NODE_1_length_267451_cov_420.750746	4963	5496	-	MGA_4
NODE_1_length_267451_cov_420.750746	7908	9113	-	MGA_6
NODE_1_length_267451_cov_420.750746	9124	9525	-	MGA_7
NODE_1_length_267451_cov_420.750746	9512	9799	-	MGA_8
NODE_1_length_267451_cov_420.750746	10247	12610	-	MGA_9
NODE_1_length_267451_cov_420.750746	12806	13489	-	MGA_10
NODE_1_length_267451_cov_420.750746	13597	14874	-	MGA_11
NODE_1_length_267451_cov_420.750746	15039	19982	-	MGA_12
NODE_1_length_267451_cov_420.750746	20210	20938	-	MGA_13
NODE_1_length_267451_cov_420.750746	21086	23494	-	MGA_14
NODE_1_length_267451_cov_420.750746	23962	25332	+	MGA_15
NODE_1_length_267451_cov_420.750746	25382	25684	+	MGA_16
NODE_1_length_267451_cov_420.750746	25808	26332	+	MGA_17
NODE_1_length_267451_cov_420.750746	26468	28324	-	MGA_18
NODE_1_length_267451_cov_420.750746	28453	28959	-	MGA_19
NODE_1_length_267451_cov_420.750746	29127	29555	-	MGA_20
NODE_1_length_267451_cov_420.750746	29721	30125	-	MGA_21
NODE_1_length_267451_cov_420.750746	30760	31722	+	MGA_22
NODE_1_length_267451_cov_420.750746	31738	32706	-	MGA_23
NODE_1_length_267451_cov_420.750746	32884	33990	-	MGA_24
NODE_1_length_267451_cov_420.750746	34201	35256	+	MGA_25
NODE_1_length_267451_cov_420.750746	35287	35721	-	MGA_26
NODE_1_length_267451_cov_420.750746	35885	36403	+	MGA_27
NODE_1_length_267451_cov_420.750746	37492	37965	+	MGA_29
NODE_1_length_267451_cov_420.750746	38031	42215	-	MGA_30
NODE_1_length_267451_cov_420.750746	42293	43378	+	MGA_31
NODE_1_length_267451_cov_420.750746	43612	44631	+	MGA_32
NODE_1_length_267451_cov_420.750746	44845	46137	-	MGA_33
NODE_1_length_267451_cov_420.750746	46411	47193	-	MGA_34
NODE_1_length_267451_cov_420.750746	47383	48363	-	MGA_35
NODE_1_length_267451_cov_420.750746	48540	50714	+	MGA_36
NODE_1_length_267451_cov_420.750746	50797	51534	-	MGA_37
NODE_1_length_267451_cov_420.750746	51810	53594	-	MGA_38
NODE_1_length_267451_cov_420.750746	57395	58813	-	MGA_42
NODE_1_length_267451_cov_420.750746	58862	59512	-	MGA_43
NODE_1_length_267451_cov_420.750746	59680	61233	-	MGA_44
NODE_1_length_267451_cov_420.750746	61286	62569	-	MGA_45
NODE_1_length_267451_cov_420.750746	62566	63240	-	MGA_46
NODE_1_length_267451_cov_420.750746	70477	71565	-	MGA_54
NODE_1_length_267451_cov_420.750746	71698	71910	-	MGA_55
NODE_1_length_267451_cov_420.750746	72239	73468	-	MGA_56
NODE_1_length_267451_cov_420.750746	73688	75208	+	MGA_57
NODE_1_length_267451_cov_420.750746	75402	75749	+	MGA_58
NODE_1_length_267451_cov_420.750746	75759	76103	+	MGA_59
NODE_1_length_267451_cov_420.750746	76637	77914	-	MGA_61
NODE_1_length_267451_cov_420.750746	78177	79526	-	MGA_62
NODE_1_length_267451_cov_420.750746	79823	80056	+	MGA_63
NODE_1_length_267451_cov_420.750746	80046	80393	+	MGA_64
NODE_1_length_267451_cov_420.750746	80403	81203	-	MGA_65
NODE_1_length_267451_cov_420.750746	82127	82546	-	MGA_66
NODE_1_length_267451_cov_420.750746	82554	83402	-	MGA_67
NODE_1_length_267451_cov_420.750746	84268	84771	-	MGA_70
NODE_1_length_267451_cov_420.750746	84975	85229	-	MGA_71
NODE_1_length_267451_cov_420.750746	85335	86552	-	MGA_72
NODE_1_length_267451_cov_420.750746	86552	88078	-	MGA_73
NODE_1_length_267451_cov_420.750746	88206	89363	-	MGA_74
NODE_1_length_267451_cov_420.750746	89616	90785	+	MGA_75
NODE_1_length_267451_cov_420.750746	90823	91689	+	MGA_76
NODE_1_length_267451_cov_420.750746	91714	92664	-	MGA_77
NODE_1_length_267451_cov_420.750746	93498	95177	+	MGA_78
NODE_1_length_267451_cov_420.750746	95501	96400	+	MGA_79
NODE_1_length_267451_cov_420.750746	96413	96940	-	MGA_80
NODE_1_length_267451_cov_420.750746	97116	98528	-	MGA_81
NODE_1_length_267451_cov_420.750746	98639	99514	-	MGA_82
NODE_1_length_267451_cov_420.750746	99602	100201	-	MGA_83
NODE_1_length_267451_cov_420.750746	100296	102386	-	MGA_84
NODE_1_length_267451_cov_420.750746	102383	102946	-	MGA_85
NODE_1_length_267451_cov_420.750746	102933	104099	-	MGA_86
NODE_1_length_267451_cov_420.750746	104180	105670	-	MGA_87
NODE_1_length_267451_cov_420.750746	105693	107366	-	MGA_88
NODE_1_length_267451_cov_420.750746	107363	108193	-	MGA_89
NODE_1_length_267451_cov_420.750746	108414	109637	-	MGA_90
NODE_1_length_267451_cov_420.750746	109637	111151	-	MGA_91
NODE_1_length_267451_cov_420.750746	111227	112153	+	MGA_92
NODE_1_length_267451_cov_420.750746	112228	113379	-	MGA_93
NODE_1_length_267451_cov_420.750746	113819	115123	+	MGA_94
NODE_1_length_267451_cov_420.750746	116065	117078	-	MGA_95
NODE_1_length_267451_cov_420.750746	117406	118266	+	MGA_96
NODE_1_length_267451_cov_420.750746	118703	119506	+	MGA_97
NODE_1_length_267451_cov_420.750746	119503	119835	+	MGA_98
NODE_1_length_267451_cov_420.750746	119782	120003	-	MGA_99
NODE_1_length_267451_cov_420.750746	120014	120532	-	MGA_100
NODE_1_length_267451_cov_420.750746	120656	121318	-	MGA_101
NODE_1_length_267451_cov_420.750746	121428	122306	-	MGA_102
NODE_1_length_267451_cov_420.750746	122900	123937	-	MGA_104
NODE_1_length_267451_cov_420.750746	124105	124707	-	MGA_105
NODE_1_length_267451_cov_420.750746	124679	124870	+	MGA_106
NODE_1_length_267451_cov_420.750746	125009	125653	-	MGA_107
NODE_1_length_267451_cov_420.750746	125640	125885	+	MGA_108
NODE_1_length_267451_cov_420.750746	125968	126924	-	MGA_109
NODE_1_length_267451_cov_420.750746	127318	128460	+	MGA_110
NODE_1_length_267451_cov_420.750746	128585	128845	+	MGA_111
NODE_1_length_267451_cov_420.750746	128970	130163	-	MGA_112
NODE_1_length_267451_cov_420.750746	130354	131028	+	MGA_113
NODE_1_length_267451_cov_420.750746	131386	132126	-	MGA_114
NODE_1_length_267451_cov_420.750746	132186	133157	-	MGA_115
NODE_1_length_267451_cov_420.750746	133213	134895	-	MGA_116
NODE_1_length_267451_cov_420.750746	135396	136586	+	MGA_117
NODE_1_length_267451_cov_420.750746	136673	139036	+	MGA_118
NODE_1_length_267451_cov_420.750746	139112	139744	+	MGA_119
NODE_1_length_267451_cov_420.750746	139894	141441	-	MGA_120
NODE_1_length_267451_cov_420.750746	141597	142304	-	MGA_121
NODE_1_length_267451_cov_420.750746	142334	143389	-	MGA_122
NODE_1_length_267451_cov_420.750746	144157	145440	+	MGA_123
NODE_1_length_267451_cov_420.750746	145437	146132	+	MGA_124
NODE_1_length_267451_cov_420.750746	146180	147202	-	MGA_125
NODE_1_length_267451_cov_420.750746	147271	148818	-	MGA_126
NODE_1_length_267451_cov_420.750746	148865	149944	-	MGA_127
NODE_1_length_267451_cov_420.750746	149973	152228	-	MGA_128
NODE_1_length_267451_cov_420.750746	152686	153645	-	MGA_129
NODE_1_length_267451_cov_420.750746	153642	154541	-	MGA_130
NODE_1_length_267451_cov_420.750746	156477	156632	-	MGA_132
NODE_1_length_267451_cov_420.750746	157127	158413	-	MGA_133
NODE_1_length_267451_cov_420.750746	158647	159828	+	MGA_134
NODE_1_length_267451_cov_420.750746	159833	160672	-	MGA_135
NODE_1_length_267451_cov_420.750746	160690	163056	-	MGA_136
NODE_1_length_267451_cov_420.750746	163555	165105	+	MGA_137
NODE_1_length_267451_cov_420.750746	165192	166868	+	MGA_138
NODE_1_length_267451_cov_420.750746	167581	168678	-	MGA_139
NODE_1_length_267451_cov_420.750746	168909	169331	+	MGA_140
NODE_1_length_267451_cov_420.750746	169465	171081	+	MGA_141
NODE_1_length_267451_cov_420.750746	171768	172604	+	MGA_143
NODE_1_length_267451_cov_420.750746	172735	173433	+	MGA_144
NODE_1_length_267451_cov_420.750746	173864	174496	-	MGA_145
NODE_1_length_267451_cov_420.750746	174624	176162	+	MGA_146
NODE_1_length_267451_cov_420.750746	176177	177301	-	MGA_147
NODE_1_length_267451_cov_420.750746	177399	178562	-	MGA_148
NODE_1_length_267451_cov_420.750746	178564	179040	-	MGA_149
NODE_1_length_267451_cov_420.750746	179191	182118	-	MGA_150
NODE_1_length_267451_cov_420.750746	182388	183455	-	MGA_151
NODE_1_length_267451_cov_420.750746	183663	184391	+	MGA_152
NODE_1_length_267451_cov_420.750746	184432	185475	-	MGA_153
NODE_1_length_267451_cov_420.750746	186008	187576	-	MGA_154
NODE_1_length_267451_cov_420.750746	188017	188223	+	MGA_155
NODE_1_length_267451_cov_420.750746	188386	189186	-	MGA_156
NODE_1_length_267451_cov_420.750746	189393	191573	-	MGA_157
NODE_1_length_267451_cov_420.750746	191849	192760	+	MGA_159
NODE_1_length_267451_cov_420.750746	192842	193384	-	MGA_160
NODE_1_length_267451_cov_420.750746	193484	194479	-	MGA_161
NODE_1_length_267451_cov_420.750746	194560	194958	-	MGA_162
NODE_1_length_267451_cov_420.750746	195046	195423	-	MGA_163
NODE_1_length_267451_cov_420.750746	195709	195927	-	MGA_164
NODE_1_length_267451_cov_420.750746	196104	196664	-	MGA_165
NODE_1_length_267451_cov_420.750746	196834	198171	-	MGA_166
NODE_1_length_267451_cov_420.750746	198445	198897	-	MGA_167
NODE_1_length_267451_cov_420.750746	198900	199094	-	MGA_168
NODE_1_length_267451_cov_420.750746	199091	199822	-	MGA_169
NODE_1_length_267451_cov_420.750746	199819	200190	-	MGA_170
NODE_1_length_267451_cov_420.750746	200192	200731	-	MGA_171
NODE_1_length_267451_cov_420.750746	200749	201147	-	MGA_172
NODE_1_length_267451_cov_420.750746	201237	201422	-	MGA_173
NODE_1_length_267451_cov_420.750746	201424	201996	-	MGA_174
NODE_1_length_267451_cov_420.750746	201993	202328	-	MGA_175
NODE_1_length_267451_cov_420.750746	202330	202698	-	MGA_176
NODE_1_length_267451_cov_420.750746	202793	203053	-	MGA_177
NODE_1_length_267451_cov_420.750746	203056	203307	-	MGA_178
NODE_1_length_267451_cov_420.750746	203307	203726	-	MGA_179
NODE_1_length_267451_cov_420.750746	203733	204536	-	MGA_180
NODE_1_length_267451_cov_420.750746	204539	204898	-	MGA_181
NODE_1_length_267451_cov_420.750746	204915	205193	-	MGA_182
NODE_1_length_267451_cov_420.750746	205209	206039	-	MGA_183
NODE_1_length_267451_cov_420.750746	206076	206372	-	MGA_184
NODE_1_length_267451_cov_420.750746	206378	207034	-	MGA_185
NODE_1_length_267451_cov_420.750746	207041	207682	-	MGA_186
NODE_1_length_267451_cov_420.750746	207699	208007	-	MGA_187
NODE_1_length_267451_cov_420.750746	208375	209271	+	MGA_188
NODE_1_length_267451_cov_420.750746	209604	212333	-	MGA_189
NODE_1_length_267451_cov_420.750746	212847	213989	+	MGA_190
NODE_1_length_267451_cov_420.750746	214032	214181	-	MGA_191
NODE_1_length_267451_cov_420.750746	214302	215192	-	MGA_192
NODE_1_length_267451_cov_420.750746	215387	216427	-	MGA_193
NODE_1_length_267451_cov_420.750746	216508	217758	-	MGA_194
NODE_1_length_267451_cov_420.750746	218081	218485	-	MGA_195
NODE_1_length_267451_cov_420.750746	218666	220003	-	MGA_196
NODE_1_length_267451_cov_420.750746	220252	221256	-	MGA_197
NODE_1_length_267451_cov_420.750746	221540	224080	+	MGA_198
NODE_1_length_267451_cov_420.750746	224171	224662	-	MGA_199
NODE_1_length_267451_cov_420.750746	224685	225134	-	MGA_200
NODE_1_length_267451_cov_420.750746	225532	227697	-	MGA_201
NODE_1_length_267451_cov_420.750746	227865	228608	-	MGA_202
NODE_1_length_267451_cov_420.750746	228616	229257	-	MGA_203
NODE_1_length_267451_cov_420.750746	229319	230335	-	MGA_204
NODE_1_length_267451_cov_420.750746	230409	231752	-	MGA_205
NODE_1_length_267451_cov_420.750746	232286	233221	-	MGA_206
NODE_1_length_267451_cov_420.750746	233462	234736	+	MGA_207
NODE_1_length_267451_cov_420.750746	234763	235998	-	MGA_208
NODE_1_length_267451_cov_420.750746	236113	236433	-	MGA_209
NODE_1_length_267451_cov_420.750746	236494	238020	-	MGA_210
NODE_1_length_267451_cov_420.750746	238172	239395	-	MGA_211
NODE_1_length_267451_cov_420.750746	239669	239842	-	MGA_212
NODE_1_length_267451_cov_420.750746	240439	240990	+	MGA_213
NODE_1_length_267451_cov_420.750746	241662	241955	-	MGA_214
NODE_1_length_267451_cov_420.750746	242128	243552	-	MGA_215
NODE_1_length_267451_cov_420.750746	243633	244298	-	MGA_216
NODE_1_length_267451_cov_420.750746	244355	245068	+	MGA_217
NODE_1_length_267451_cov_420.750746	245269	245454	+	MGA_218
NODE_1_length_267451_cov_420.750746	245703	246260	+	MGA_219
NODE_1_length_267451_cov_420.750746	246355	246555	-	MGA_220
NODE_1_length_267451_cov_420.750746	246558	250181	-	MGA_221
NODE_1_length_267451_cov_420.750746	250190	251737	-	MGA_222
NODE_1_length_267451_cov_420.750746	251935	252315	-	MGA_223
NODE_1_length_267451_cov_420.750746	252424	252945	-	MGA_224
NODE_1_length_267451_cov_420.750746	252944	253165	+	MGA_225
NODE_1_length_267451_cov_420.750746	253214	254044	-	MGA_226
NODE_1_length_267451_cov_420.750746	254299	255693	+	MGA_227
NODE_1_length_267451_cov_420.750746	256120	258861	-	MGA_228
NODE_1_length_267451_cov_420.750746	259137	259406	-	MGA_229
NODE_1_length_267451_cov_420.750746	259575	260258	-	MGA_230
NODE_1_length_267451_cov_420.750746	260784	263489	-	MGA_231
NODE_1_length_267451_cov_420.750746	263883	266414	-	MGA_232
NODE_2_length_162170_cov_321.684922	136	1836	-	MGA_234
NODE_2_length_162170_cov_321.684922	1898	2338	-	MGA_235
NODE_2_length_162170_cov_321.684922	2772	4316	+	MGA_236
NODE_2_length_162170_cov_321.684922	4370	4606	+	MGA_237
NODE_2_length_162170_cov_321.684922	4689	5852	+	MGA_238
NODE_2_length_162170_cov_321.684922	6765	7319	-	MGA_240
NODE_2_length_162170_cov_321.684922	7475	8056	+	MGA_241
NODE_2_length_162170_cov_321.684922	8107	8937	+	MGA_242
NODE_2_length_162170_cov_321.684922	9042	10331	+	MGA_243
NODE_2_length_162170_cov_321.684922	10711	12897	+	MGA_244
NODE_2_length_162170_cov_321.684922	13096	13680	+	MGA_245
NODE_2_length_162170_cov_321.684922	13709	15004	-	MGA_246
NODE_2_length_162170_cov_321.684922	15198	17648	+	MGA_247
NODE_2_length_162170_cov_321.684922	17706	17903	+	MGA_248
NODE_2_length_162170_cov_321.684922	18023	19075	+	MGA_249
NODE_2_length_162170_cov_321.684922	19093	19716	+	MGA_250
NODE_2_length_162170_cov_321.684922	19899	20552	-	MGA_251
NODE_2_length_162170_cov_321.684922	20552	21904	-	MGA_252
NODE_2_length_162170_cov_321.684922	22290	23273	+	MGA_253
NODE_2_length_162170_cov_321.684922	23374	24612	+	MGA_254
NODE_2_length_162170_cov_321.684922	24599	26011	+	MGA_255
NODE_2_length_162170_cov_321.684922	26016	27494	-	MGA_256
NODE_2_length_162170_cov_321.684922	27746	28360	-	MGA_257
NODE_2_length_162170_cov_321.684922	28519	28920	+	MGA_258
NODE_2_length_162170_cov_321.684922	29009	29947	-	MGA_259
NODE_2_length_162170_cov_321.684922	30235	31056	+	MGA_260
NODE_2_length_162170_cov_321.684922	31211	31471	+	MGA_261
NODE_2_length_162170_cov_321.684922	31478	31687	+	MGA_262
NODE_2_length_162170_cov_321.684922	31817	33181	-	MGA_263
NODE_2_length_162170_cov_321.684922	33232	33813	-	MGA_264
NODE_2_length_162170_cov_321.684922	33930	36632	+	MGA_265
NODE_2_length_162170_cov_321.684922	36777	37175	+	MGA_266
NODE_2_length_162170_cov_321.684922	37266	38483	+	MGA_267
NODE_2_length_162170_cov_321.684922	38485	39453	+	MGA_268
NODE_2_length_162170_cov_321.684922	39652	40278	+	MGA_269
NODE_2_length_162170_cov_321.684922	40369	41421	-	MGA_270
NODE_2_length_162170_cov_321.684922	41428	42333	-	MGA_271
NODE_2_length_162170_cov_321.684922	42506	43180	+	MGA_272
NODE_2_length_162170_cov_321.684922	43383	43781	+	MGA_273
NODE_2_length_162170_cov_321.684922	43781	44017	+	MGA_274
NODE_2_length_162170_cov_321.684922	44145	46826	+	MGA_275
NODE_2_length_162170_cov_321.684922	46835	47290	+	MGA_276
NODE_2_length_162170_cov_321.684922	47304	48485	+	MGA_277
NODE_2_length_162170_cov_321.684922	48553	49020	-	MGA_278
NODE_2_length_162170_cov_321.684922	49084	50271	+	MGA_279
NODE_2_length_162170_cov_321.684922	50354	51976	+	MGA_280
NODE_2_length_162170_cov_321.684922	52140	52586	+	MGA_281
NODE_2_length_162170_cov_321.684922	52645	52884	-	MGA_282
NODE_2_length_162170_cov_321.684922	52956	53471	+	MGA_283
NODE_2_length_162170_cov_321.684922	53617	55278	+	MGA_284
NODE_2_length_162170_cov_321.684922	57343	58842	+	MGA_286
NODE_2_length_162170_cov_321.684922	58848	60083	+	MGA_287
NODE_2_length_162170_cov_321.684922	60109	60888	+	MGA_288
NODE_2_length_162170_cov_321.684922	61027	62301	+	MGA_289
NODE_2_length_162170_cov_321.684922	62313	62867	+	MGA_290
NODE_2_length_162170_cov_321.684922	62874	63467	+	MGA_291
NODE_2_length_162170_cov_321.684922	63557	64801	-	MGA_292
NODE_2_length_162170_cov_321.684922	65002	65880	-	MGA_293
NODE_2_length_162170_cov_321.684922	66124	66921	+	MGA_294
NODE_2_length_162170_cov_321.684922	66970	67308	+	MGA_295
NODE_2_length_162170_cov_321.684922	67327	68502	+	MGA_296
NODE_2_length_162170_cov_321.684922	68492	69040	+	MGA_297
NODE_2_length_162170_cov_321.684922	69116	70549	+	MGA_298
NODE_2_length_162170_cov_321.684922	70551	71615	+	MGA_299
NODE_2_length_162170_cov_321.684922	71668	73701	-	MGA_300
NODE_2_length_162170_cov_321.684922	74139	75302	+	MGA_301
NODE_2_length_162170_cov_321.684922	75318	75623	+	MGA_302
NODE_2_length_162170_cov_321.684922	75623	77047	+	MGA_303
NODE_2_length_162170_cov_321.684922	77183	78220	-	MGA_304
NODE_2_length_162170_cov_321.684922	78648	79265	+	MGA_305
NODE_2_length_162170_cov_321.684922	79489	80616	+	MGA_306
NODE_2_length_162170_cov_321.684922	80814	81713	+	MGA_307
NODE_2_length_162170_cov_321.684922	81962	82750	+	MGA_308
NODE_2_length_162170_cov_321.684922	83002	83262	-	MGA_309
NODE_2_length_162170_cov_321.684922	83409	85289	+	MGA_310
NODE_2_length_162170_cov_321.684922	85289	86584	+	MGA_311
NODE_2_length_162170_cov_321.684922	86664	87764	-	MGA_312
NODE_2_length_162170_cov_321.684922	87999	89078	+	MGA_313
NODE_2_length_162170_cov_321.684922	91183	91317	-	MGA_316
NODE_2_length_162170_cov_321.684922	91427	91555	-	MGA_317
NODE_2_length_162170_cov_321.684922	91917	92870	-	MGA_318
NODE_2_length_162170_cov_321.684922	93458	94504	+	MGA_319
NODE_2_length_162170_cov_321.684922	95796	96821	+	MGA_322
NODE_2_length_162170_cov_321.684922	96874	97158	-	MGA_323
NODE_2_length_162170_cov_321.684922	97502	102073	+	MGA_324
NODE_2_length_162170_cov_321.684922	102075	103610	+	MGA_325
NODE_2_length_162170_cov_321.684922	105321	106964	+	MGA_330
NODE_2_length_162170_cov_321.684922	107181	109064	+	MGA_331
NODE_2_length_162170_cov_321.684922	109168	109632	+	MGA_332
NODE_2_length_162170_cov_321.684922	109761	111011	+	MGA_333
NODE_2_length_162170_cov_321.684922	111105	111953	+	MGA_334
NODE_2_length_162170_cov_321.684922	112105	112962	+	MGA_335
NODE_2_length_162170_cov_321.684922	125615	126562	-	MGA_349
NODE_2_length_162170_cov_321.684922	126798	127733	-	MGA_350
NODE_2_length_162170_cov_321.684922	127990	128949	+	MGA_351
NODE_2_length_162170_cov_321.684922	128990	129628	-	MGA_352
NODE_2_length_162170_cov_321.684922	129705	130775	+	MGA_353
NODE_2_length_162170_cov_321.684922	130881	131438	+	MGA_354
NODE_2_length_162170_cov_321.684922	131549	133852	+	MGA_355
NODE_2_length_162170_cov_321.684922	133911	134765	+	MGA_356
NODE_2_length_162170_cov_321.684922	134899	135852	+	MGA_357
NODE_2_length_162170_cov_321.684922	139280	140242	+	MGA_359
NODE_2_length_162170_cov_321.684922	140242	140661	+	MGA_360
NODE_2_length_162170_cov_321.684922	140658	142154	+	MGA_361
NODE_2_length_162170_cov_321.684922	142172	143125	+	MGA_362
NODE_2_length_162170_cov_321.684922	143261	144085	+	MGA_363
NODE_2_length_162170_cov_321.684922	144088	145059	+	MGA_364
NODE_2_length_162170_cov_321.684922	145068	145763	+	MGA_365
NODE_2_length_162170_cov_321.684922	145873	146025	+	MGA_366
NODE_2_length_162170_cov_321.684922	146240	147361	+	MGA_367
NODE_2_length_162170_cov_321.684922	147516	148439	-	MGA_368
NODE_2_length_162170_cov_321.684922	148541	149170	-	MGA_369
NODE_2_length_162170_cov_321.684922	149272	151035	-	MGA_370
NODE_2_length_162170_cov_321.684922	151075	152265	-	MGA_371
NODE_2_length_162170_cov_321.684922	152637	153326	-	MGA_372
NODE_2_length_162170_cov_321.684922	153382	154338	-	MGA_373
NODE_2_length_162170_cov_321.684922	154659	155087	+	MGA_375
NODE_2_length_162170_cov_321.684922	155165	155815	+	MGA_376
NODE_2_length_162170_cov_321.684922	156154	156915	+	MGA_377
NODE_2_length_162170_cov_321.684922	156809	158383	-	MGA_378
NODE_2_length_162170_cov_321.684922	158704	159336	-	MGA_380
NODE_2_length_162170_cov_321.684922	159368	159523	-	MGA_381
NODE_2_length_162170_cov_321.684922	159504	159752	+	MGA_382
NODE_2_length_162170_cov_321.684922	159781	160080	-	MGA_383
NODE_2_length_162170_cov_321.684922	160081	160248	-	MGA_384
NODE_2_length_162170_cov_321.684922	160177	160392	+	MGA_385
NODE_2_length_162170_cov_321.684922	160528	161148	+	MGA_386
NODE_2_length_162170_cov_321.684922	161141	161500	+	MGA_387
NODE_2_length_162170_cov_321.684922	161664	161810	-	MGA_388
NODE_3_length_128496_cov_354.562471	587	2041	-	MGA_390
NODE_3_length_128496_cov_354.562471	5043	5408	+	MGA_393
NODE_3_length_128496_cov_354.562471	5532	5711	+	MGA_394
NODE_3_length_128496_cov_354.562471	5890	6711	+	MGA_395
NODE_3_length_128496_cov_354.562471	6795	8237	+	MGA_396
NODE_3_length_128496_cov_354.562471	9112	10206	-	MGA_399
NODE_3_length_128496_cov_354.562471	10340	11161	-	MGA_400
NODE_3_length_128496_cov_354.562471	11223	12701	-	MGA_401
NODE_3_length_128496_cov_354.562471	12787	15246	+	MGA_402
NODE_3_length_128496_cov_354.562471	15259	16158	+	MGA_403
NODE_3_length_128496_cov_354.562471	16191	19043	-	MGA_404
NODE_3_length_128496_cov_354.562471	19072	19986	-	MGA_405
NODE_3_length_128496_cov_354.562471	20335	21651	-	MGA_406
NODE_3_length_128496_cov_354.562471	22127	22999	+	MGA_407
NODE_3_length_128496_cov_354.562471	23235	23738	+	MGA_408
NODE_3_length_128496_cov_354.562471	23797	25332	+	MGA_409
NODE_3_length_128496_cov_354.562471	25329	27029	+	MGA_410
NODE_3_length_128496_cov_354.562471	27086	28951	+	MGA_411
NODE_3_length_128496_cov_354.562471	29047	30012	+	MGA_412
NODE_3_length_128496_cov_354.562471	30058	30771	+	MGA_413
NODE_3_length_128496_cov_354.562471	30817	31758	-	MGA_414
NODE_3_length_128496_cov_354.562471	31991	33409	-	MGA_415
NODE_3_length_128496_cov_354.562471	33787	35205	-	MGA_416
NODE_3_length_128496_cov_354.562471	35327	36028	-	MGA_417
NODE_3_length_128496_cov_354.562471	36034	36657	-	MGA_418
NODE_3_length_128496_cov_354.562471	36763	37143	-	MGA_419
NODE_3_length_128496_cov_354.562471	37259	38725	-	MGA_420
NODE_3_length_128496_cov_354.562471	38910	40289	-	MGA_421
NODE_3_length_128496_cov_354.562471	40344	41645	-	MGA_422
NODE_3_length_128496_cov_354.562471	41642	42280	-	MGA_423
NODE_3_length_128496_cov_354.562471	42343	43224	-	MGA_424
NODE_3_length_128496_cov_354.562471	43334	45709	-	MGA_425
NODE_3_length_128496_cov_354.562471	45987	46211	-	MGA_426
NODE_3_length_128496_cov_354.562471	46264	47961	-	MGA_427
NODE_3_length_128496_cov_354.562471	48310	49461	-	MGA_428
NODE_3_length_128496_cov_354.562471	49550	50236	-	MGA_429
NODE_3_length_128496_cov_354.562471	50233	51438	-	MGA_430
NODE_3_length_128496_cov_354.562471	51572	52552	-	MGA_431
NODE_3_length_128496_cov_354.562471	53697	56174	-	MGA_433
NODE_3_length_128496_cov_354.562471	56620	58182	+	MGA_434
NODE_3_length_128496_cov_354.562471	58681	59058	+	MGA_435
NODE_3_length_128496_cov_354.562471	59051	59446	+	MGA_436
NODE_3_length_128496_cov_354.562471	62772	63425	+	MGA_440
NODE_3_length_128496_cov_354.562471	63426	64703	+	MGA_441
NODE_3_length_128496_cov_354.562471	64703	65086	+	MGA_442
NODE_3_length_128496_cov_354.562471	65333	66814	+	MGA_443
NODE_3_length_128496_cov_354.562471	66990	68864	+	MGA_444
NODE_3_length_128496_cov_354.562471	69022	69972	+	MGA_445
NODE_3_length_128496_cov_354.562471	70254	71636	+	MGA_446
NODE_3_length_128496_cov_354.562471	71640	72053	+	MGA_447
NODE_3_length_128496_cov_354.562471	72186	72884	+	MGA_448
NODE_3_length_128496_cov_354.562471	73496	75208	+	MGA_449
NODE_3_length_128496_cov_354.562471	75343	76572	+	MGA_450
NODE_3_length_128496_cov_354.562471	76817	78154	-	MGA_451
NODE_3_length_128496_cov_354.562471	78181	79353	-	MGA_452
NODE_3_length_128496_cov_354.562471	80071	80520	-	MGA_454
NODE_3_length_128496_cov_354.562471	80500	80898	+	MGA_455
NODE_3_length_128496_cov_354.562471	80992	82479	-	MGA_456
NODE_3_length_128496_cov_354.562471	82867	85938	+	MGA_457
NODE_3_length_128496_cov_354.562471	86751	87305	+	MGA_458
NODE_3_length_128496_cov_354.562471	87281	87499	+	MGA_459
NODE_3_length_128496_cov_354.562471	87475	88125	-	MGA_460
NODE_3_length_128496_cov_354.562471	88129	88614	-	MGA_461
NODE_3_length_128496_cov_354.562471	89100	91220	-	MGA_462
NODE_3_length_128496_cov_354.562471	91294	91968	-	MGA_463
NODE_3_length_128496_cov_354.562471	92014	92943	-	MGA_464
NODE_3_length_128496_cov_354.562471	93104	95971	-	MGA_465
NODE_3_length_128496_cov_354.562471	96017	96802	-	MGA_466
NODE_3_length_128496_cov_354.562471	97149	97748	+	MGA_467
NODE_3_length_128496_cov_354.562471	97896	99338	-	MGA_468
NODE_3_length_128496_cov_354.562471	99506	100492	-	MGA_469
NODE_3_length_128496_cov_354.562471	100661	102772	-	MGA_470
NODE_3_length_128496_cov_354.562471	102784	103401	-	MGA_471
NODE_3_length_128496_cov_354.562471	103575	105050	-	MGA_472
NODE_3_length_128496_cov_354.562471	105170	106045	-	MGA_473
NODE_3_length_128496_cov_354.562471	106149	107345	+	MGA_474
NODE_3_length_128496_cov_354.562471	107518	108408	+	MGA_475
NODE_3_length_128496_cov_354.562471	108475	109308	+	MGA_476
NODE_3_length_128496_cov_354.562471	109360	109884	-	MGA_477
NODE_3_length_128496_cov_354.562471	109991	110584	-	MGA_478
NODE_3_length_128496_cov_354.562471	110762	113014	+	MGA_479
NODE_3_length_128496_cov_354.562471	113050	113772	+	MGA_480
NODE_3_length_128496_cov_354.562471	113772	114845	+	MGA_481
NODE_3_length_128496_cov_354.562471	114913	115299	+	MGA_482
NODE_3_length_128496_cov_354.562471	115215	115538	-	MGA_483
NODE_3_length_128496_cov_354.562471	115947	116753	-	MGA_484
NODE_3_length_128496_cov_354.562471	116908	117270	+	MGA_485
NODE_3_length_128496_cov_354.562471	117373	118914	-	MGA_486
NODE_3_length_128496_cov_354.562471	118911	122006	-	MGA_487
NODE_3_length_128496_cov_354.562471	122050	122349	-	MGA_488
NODE_3_length_128496_cov_354.562471	122785	123024	-	MGA_489
NODE_3_length_128496_cov_354.562471	123137	124033	+	MGA_490
NODE_3_length_128496_cov_354.562471	124293	126029	+	MGA_492
NODE_3_length_128496_cov_354.562471	126143	126421	+	MGA_493
NODE_3_length_128496_cov_354.562471	126494	127981	-	MGA_494
NODE_4_length_113403_cov_397.573311	103	1560	-	MGA_496
NODE_4_length_113403_cov_397.573311	1859	2845	+	MGA_497
NODE_4_length_113403_cov_397.573311	2970	3389	-	MGA_498
NODE_4_length_113403_cov_397.573311	3815	4465	-	MGA_499
NODE_4_length_113403_cov_397.573311	4542	4907	+	MGA_500
NODE_4_length_113403_cov_397.573311	5006	5311	-	MGA_501
NODE_4_length_113403_cov_397.573311	5383	7815	-	MGA_502
NODE_4_length_113403_cov_397.573311	7946	8599	-	MGA_503
NODE_4_length_113403_cov_397.573311	8851	9864	+	MGA_504
NODE_4_length_113403_cov_397.573311	9906	10691	-	MGA_505
NODE_4_length_113403_cov_397.573311	10937	11704	+	MGA_506
NODE_4_length_113403_cov_397.573311	11975	13240	+	MGA_507
NODE_4_length_113403_cov_397.573311	13249	14073	+	MGA_508
NODE_4_length_113403_cov_397.573311	15750	17948	-	MGA_510
NODE_4_length_113403_cov_397.573311	18178	21732	+	MGA_511
NODE_4_length_113403_cov_397.573311	21797	24559	+	MGA_512
NODE_4_length_113403_cov_397.573311	24736	25851	+	MGA_513
NODE_4_length_113403_cov_397.573311	26125	26877	-	MGA_515
NODE_4_length_113403_cov_397.573311	27573	28388	+	MGA_517
NODE_4_length_113403_cov_397.573311	28499	30634	+	MGA_518
NODE_4_length_113403_cov_397.573311	30796	31095	+	MGA_519
NODE_4_length_113403_cov_397.573311	31207	33108	+	MGA_520
NODE_4_length_113403_cov_397.573311	33323	34297	+	MGA_521
NODE_4_length_113403_cov_397.573311	36632	37339	+	MGA_526
NODE_4_length_113403_cov_397.573311	37416	38216	-	MGA_527
NODE_4_length_113403_cov_397.573311	38213	38899	-	MGA_528
NODE_4_length_113403_cov_397.573311	39099	39674	+	MGA_529
NODE_4_length_113403_cov_397.573311	39729	40301	+	MGA_530
NODE_4_length_113403_cov_397.573311	40491	41714	+	MGA_531
NODE_4_length_113403_cov_397.573311	41716	45099	+	MGA_532
NODE_4_length_113403_cov_397.573311	45099	46019	+	MGA_533
NODE_4_length_113403_cov_397.573311	46199	46789	+	MGA_534
NODE_4_length_113403_cov_397.573311	46791	47498	-	MGA_535
NODE_4_length_113403_cov_397.573311	47645	49900	+	MGA_536
NODE_4_length_113403_cov_397.573311	49909	50559	-	MGA_537
NODE_4_length_113403_cov_397.573311	50787	51446	+	MGA_538
NODE_4_length_113403_cov_397.573311	51433	52107	+	MGA_539
NODE_4_length_113403_cov_397.573311	52100	52891	+	MGA_540
NODE_4_length_113403_cov_397.573311	52957	53859	+	MGA_541
NODE_4_length_113403_cov_397.573311	54095	55327	+	MGA_542
NODE_4_length_113403_cov_397.573311	55576	55827	+	MGA_543
NODE_4_length_113403_cov_397.573311	56269	56454	+	MGA_545
NODE_4_length_113403_cov_397.573311	56546	56767	+	MGA_546
NODE_4_length_113403_cov_397.573311	56933	57202	+	MGA_547
NODE_4_length_113403_cov_397.573311	57362	58261	+	MGA_548
NODE_4_length_113403_cov_397.573311	58328	59176	-	MGA_549
NODE_4_length_113403_cov_397.573311	59208	60002	-	MGA_550
NODE_4_length_113403_cov_397.573311	60110	61003	+	MGA_551
NODE_4_length_113403_cov_397.573311	61009	61626	-	MGA_552
NODE_4_length_113403_cov_397.573311	61586	61876	+	MGA_553
NODE_4_length_113403_cov_397.573311	61884	62777	+	MGA_554
NODE_4_length_113403_cov_397.573311	62838	63062	-	MGA_555
NODE_4_length_113403_cov_397.573311	63211	64866	-	MGA_556
NODE_4_length_113403_cov_397.573311	65012	66586	+	MGA_557
NODE_4_length_113403_cov_397.573311	66656	68401	-	MGA_558
NODE_4_length_113403_cov_397.573311	68622	69503	+	MGA_559
NODE_4_length_113403_cov_397.573311	69610	70035	+	MGA_560
NODE_4_length_113403_cov_397.573311	70504	72207	+	MGA_561
NODE_4_length_113403_cov_397.573311	72204	73394	+	MGA_562
NODE_4_length_113403_cov_397.573311	73394	74614	+	MGA_563
NODE_4_length_113403_cov_397.573311	74735	76447	+	MGA_564
NODE_4_length_113403_cov_397.573311	76496	77215	+	MGA_565
NODE_4_length_113403_cov_397.573311	77218	78006	+	MGA_566
NODE_4_length_113403_cov_397.573311	78162	79349	-	MGA_567
NODE_4_length_113403_cov_397.573311	79473	80543	-	MGA_568
NODE_4_length_113403_cov_397.573311	80804	81586	-	MGA_569
NODE_4_length_113403_cov_397.573311	81782	83338	-	MGA_570
NODE_4_length_113403_cov_397.573311	83349	84686	-	MGA_571
NODE_4_length_113403_cov_397.573311	84900	85940	-	MGA_572
NODE_4_length_113403_cov_397.573311	85984	87381	-	MGA_573
NODE_4_length_113403_cov_397.573311	87439	87849	-	MGA_574
NODE_4_length_113403_cov_397.573311	88478	89857	-	MGA_576
NODE_4_length_113403_cov_397.573311	90363	90740	-	MGA_577
NODE_4_length_113403_cov_397.573311	90791	91600	-	MGA_578
NODE_4_length_113403_cov_397.573311	91911	94664	-	MGA_579
NODE_4_length_113403_cov_397.573311	94747	95691	-	MGA_580
NODE_4_length_113403_cov_397.573311	96127	97599	+	MGA_581
NODE_4_length_113403_cov_397.573311	97744	98988	+	MGA_582
NODE_4_length_113403_cov_397.573311	99100	100311	+	MGA_583
NODE_4_length_113403_cov_397.573311	100324	100803	+	MGA_584
NODE_4_length_113403_cov_397.573311	100925	101227	+	MGA_585
NODE_4_length_113403_cov_397.573311	101367	102746	+	MGA_586
NODE_4_length_113403_cov_397.573311	102768	103316	+	MGA_587
NODE_4_length_113403_cov_397.573311	103316	104278	+	MGA_588
NODE_4_length_113403_cov_397.573311	105272	106138	+	MGA_590
NODE_4_length_113403_cov_397.573311	106161	109730	+	MGA_591
NODE_4_length_113403_cov_397.573311	109804	110253	+	MGA_592
NODE_4_length_113403_cov_397.573311	110459	112336	+	MGA_593
NODE_4_length_113403_cov_397.573311	112422	112922	+	MGA_594
NODE_5_length_98826_cov_551.284216	57	3044	-	MGA_595
NODE_5_length_98826_cov_551.284216	3227	4048	-	MGA_596
NODE_5_length_98826_cov_551.284216	4136	5434	-	MGA_597
NODE_5_length_98826_cov_551.284216	5522	6514	+	MGA_598
NODE_5_length_98826_cov_551.284216	6621	8033	-	MGA_599
NODE_5_length_98826_cov_551.284216	8127	8582	-	MGA_600
NODE_5_length_98826_cov_551.284216	20738	21865	-	MGA_605
NODE_5_length_98826_cov_551.284216	22224	23399	-	MGA_606
NODE_5_length_98826_cov_551.284216	23463	24455	-	MGA_607
NODE_5_length_98826_cov_551.284216	24766	26961	-	MGA_608
NODE_5_length_98826_cov_551.284216	27076	27534	-	MGA_609
NODE_5_length_98826_cov_551.284216	27531	27797	-	MGA_610
NODE_5_length_98826_cov_551.284216	28385	29035	-	MGA_612
NODE_5_length_98826_cov_551.284216	29019	29699	-	MGA_613
NODE_5_length_98826_cov_551.284216	29892	30053	+	MGA_614
NODE_5_length_98826_cov_551.284216	30076	33033	-	MGA_615
NODE_5_length_98826_cov_551.284216	33413	35500	+	MGA_616
NODE_5_length_98826_cov_551.284216	35637	36614	+	MGA_617
NODE_5_length_98826_cov_551.284216	37134	38630	+	MGA_618
NODE_5_length_98826_cov_551.284216	38621	39586	+	MGA_619
NODE_5_length_98826_cov_551.284216	39583	40533	+	MGA_620
NODE_5_length_98826_cov_551.284216	40580	41209	+	MGA_621
NODE_5_length_98826_cov_551.284216	41293	42708	-	MGA_622
NODE_5_length_98826_cov_551.284216	42795	44087	+	MGA_623
NODE_5_length_98826_cov_551.284216	44159	46354	+	MGA_624
NODE_5_length_98826_cov_551.284216	50342	51361	+	MGA_626
NODE_5_length_98826_cov_551.284216	51668	53029	-	MGA_627
NODE_5_length_98826_cov_551.284216	53029	54000	-	MGA_628
NODE_5_length_98826_cov_551.284216	54251	54916	-	MGA_629
NODE_5_length_98826_cov_551.284216	55068	55601	-	MGA_630
NODE_5_length_98826_cov_551.284216	55725	56732	-	MGA_631
NODE_5_length_98826_cov_551.284216	57043	57324	-	MGA_632
NODE_5_length_98826_cov_551.284216	57435	57569	-	MGA_633
NODE_5_length_98826_cov_551.284216	57888	59390	+	MGA_634
NODE_5_length_98826_cov_551.284216	60126	61250	+	MGA_635
NODE_5_length_98826_cov_551.284216	61278	62516	+	MGA_636
NODE_5_length_98826_cov_551.284216	62513	62983	+	MGA_637
NODE_5_length_98826_cov_551.284216	63164	65254	+	MGA_638
NODE_5_length_98826_cov_551.284216	65322	67973	+	MGA_639
NODE_5_length_98826_cov_551.284216	68043	68609	+	MGA_640
NODE_5_length_98826_cov_551.284216	71985	73331	-	MGA_643
NODE_5_length_98826_cov_551.284216	73650	74084	-	MGA_644
NODE_5_length_98826_cov_551.284216	74290	75624	+	MGA_645
NODE_5_length_98826_cov_551.284216	77153	77488	+	MGA_648
NODE_5_length_98826_cov_551.284216	77502	78350	+	MGA_649
NODE_5_length_98826_cov_551.284216	78464	78709	+	MGA_650
NODE_5_length_98826_cov_551.284216	79285	79620	-	MGA_651
NODE_5_length_98826_cov_551.284216	80012	81610	-	MGA_652
NODE_5_length_98826_cov_551.284216	82019	83344	+	MGA_653
NODE_5_length_98826_cov_551.284216	83481	84287	+	MGA_654
NODE_5_length_98826_cov_551.284216	84374	84739	+	MGA_655
NODE_5_length_98826_cov_551.284216	84998	86311	-	MGA_656
NODE_5_length_98826_cov_551.284216	86546	87025	-	MGA_657
NODE_5_length_98826_cov_551.284216	87122	88465	-	MGA_658
NODE_5_length_98826_cov_551.284216	88684	89820	+	MGA_659
NODE_5_length_98826_cov_551.284216	89941	90606	-	MGA_660
NODE_5_length_98826_cov_551.284216	91132	91695	+	MGA_661
NODE_5_length_98826_cov_551.284216	91910	93892	+	MGA_662
NODE_5_length_98826_cov_551.284216	94111	95124	-	MGA_663
NODE_5_length_98826_cov_551.284216	95457	96722	+	MGA_664
NODE_5_length_98826_cov_551.284216	96901	97827	+	MGA_665
NODE_6_length_89463_cov_310.223435	587	4264	-	MGA_669
NODE_6_length_89463_cov_310.223435	4325	5929	-	MGA_670
NODE_6_length_89463_cov_310.223435	7430	8035	+	MGA_671
NODE_6_length_89463_cov_310.223435	8339	9934	+	MGA_672
NODE_6_length_89463_cov_310.223435	9983	10504	+	MGA_673
NODE_6_length_89463_cov_310.223435	10554	12263	-	MGA_674
NODE_6_length_89463_cov_310.223435	12267	13436	-	MGA_675
NODE_6_length_89463_cov_310.223435	13438	14529	-	MGA_676
NODE_6_length_89463_cov_310.223435	14696	16330	-	MGA_677
NODE_6_length_89463_cov_310.223435	16610	17893	-	MGA_678
NODE_6_length_89463_cov_310.223435	17949	18761	-	MGA_679
NODE_6_length_89463_cov_310.223435	19099	20223	+	MGA_680
NODE_6_length_89463_cov_310.223435	20373	21287	-	MGA_681
NODE_6_length_89463_cov_310.223435	21514	22728	+	MGA_682
NODE_6_length_89463_cov_310.223435	22801	23697	+	MGA_683
NODE_6_length_89463_cov_310.223435	25025	26323	+	MGA_686
NODE_6_length_89463_cov_310.223435	26390	27625	+	MGA_687
NODE_6_length_89463_cov_310.223435	27737	28846	-	MGA_688
NODE_6_length_89463_cov_310.223435	32706	34985	-	MGA_690
NODE_6_length_89463_cov_310.223435	35144	36424	-	MGA_691
NODE_6_length_89463_cov_310.223435	36452	37291	-	MGA_692
NODE_6_length_89463_cov_310.223435	37291	38262	-	MGA_693
NODE_6_length_89463_cov_310.223435	38259	39551	-	MGA_694
NODE_6_length_89463_cov_310.223435	39939	43091	-	MGA_695
NODE_6_length_89463_cov_310.223435	43216	46335	-	MGA_696
NODE_6_length_89463_cov_310.223435	46496	46984	-	MGA_697
NODE_6_length_89463_cov_310.223435	47653	48582	-	MGA_698
NODE_6_length_89463_cov_310.223435	48717	50255	-	MGA_699
NODE_6_length_89463_cov_310.223435	50356	51537	-	MGA_700
NODE_6_length_89463_cov_310.223435	51553	52770	-	MGA_701
NODE_6_length_89463_cov_310.223435	52757	54202	-	MGA_702
NODE_6_length_89463_cov_310.223435	54257	55363	-	MGA_703
NODE_6_length_89463_cov_310.223435	55408	56859	-	MGA_704
NODE_6_length_89463_cov_310.223435	56908	57780	-	MGA_705
NODE_6_length_89463_cov_310.223435	57808	59610	-	MGA_706
NODE_6_length_89463_cov_310.223435	59607	60056	-	MGA_707
NODE_6_length_89463_cov_310.223435	60063	61142	-	MGA_708
NODE_6_length_89463_cov_310.223435	61142	61663	-	MGA_709
NODE_6_length_89463_cov_310.223435	61996	64275	+	MGA_710
NODE_6_length_89463_cov_310.223435	64286	65485	+	MGA_711
NODE_6_length_89463_cov_310.223435	65620	66096	-	MGA_712
NODE_6_length_89463_cov_310.223435	66113	66463	-	MGA_713
NODE_6_length_89463_cov_310.223435	66614	67339	+	MGA_714
NODE_6_length_89463_cov_310.223435	67505	68443	+	MGA_715
NODE_6_length_89463_cov_310.223435	68585	69547	-	MGA_716
NODE_6_length_89463_cov_310.223435	69728	71233	-	MGA_717
NODE_6_length_89463_cov_310.223435	71392	72048	+	MGA_718
NODE_6_length_89463_cov_310.223435	72038	76174	+	MGA_719
NODE_6_length_89463_cov_310.223435	76171	77142	+	MGA_720
NODE_6_length_89463_cov_310.223435	77895	79232	-	MGA_722
NODE_6_length_89463_cov_310.223435	79381	80814	+	MGA_723
NODE_6_length_89463_cov_310.223435	80918	81643	-	MGA_724
NODE_6_length_89463_cov_310.223435	81713	82360	-	MGA_725
NODE_6_length_89463_cov_310.223435	82395	83189	-	MGA_726
NODE_6_length_89463_cov_310.223435	83189	83788	-	MGA_727
NODE_6_length_89463_cov_310.223435	83874	85034	-	MGA_728
NODE_6_length_89463_cov_310.223435	85031	86428	-	MGA_729
NODE_6_length_89463_cov_310.223435	86530	86823	-	MGA_730
NODE_6_length_89463_cov_310.223435	86836	88302	-	MGA_731
NODE_6_length_89463_cov_310.223435	88418	89245	+	MGA_732
NODE_7_length_88787_cov_444.457299	2606	5359	-	MGA_735
NODE_7_length_88787_cov_444.457299	5645	7525	+	MGA_736
NODE_7_length_88787_cov_444.457299	7758	9398	+	MGA_737
NODE_7_length_88787_cov_444.457299	9754	11235	+	MGA_738
NODE_7_length_88787_cov_444.457299	11413	12504	-	MGA_739
NODE_7_length_88787_cov_444.457299	12638	13027	+	MGA_740
NODE_7_length_88787_cov_444.457299	13133	13540	-	MGA_741
NODE_7_length_88787_cov_444.457299	13760	16210	+	MGA_742
NODE_7_length_88787_cov_444.457299	16563	16778	-	MGA_743
NODE_7_length_88787_cov_444.457299	16976	17728	+	MGA_744
NODE_7_length_88787_cov_444.457299	18386	18862	-	MGA_745
NODE_7_length_88787_cov_444.457299	18946	19746	+	MGA_746
NODE_7_length_88787_cov_444.457299	19743	20981	+	MGA_747
NODE_7_length_88787_cov_444.457299	21032	21676	+	MGA_748
NODE_7_length_88787_cov_444.457299	21900	23960	-	MGA_749
NODE_7_length_88787_cov_444.457299	23969	24919	-	MGA_750
NODE_7_length_88787_cov_444.457299	24916	26382	-	MGA_751
NODE_7_length_88787_cov_444.457299	26379	28040	-	MGA_752
NODE_7_length_88787_cov_444.457299	28037	29731	-	MGA_753
NODE_7_length_88787_cov_444.457299	29736	30266	-	MGA_754
NODE_7_length_88787_cov_444.457299	30296	30997	-	MGA_755
NODE_7_length_88787_cov_444.457299	31182	33626	-	MGA_756
NODE_7_length_88787_cov_444.457299	33745	34836	+	MGA_757
NODE_7_length_88787_cov_444.457299	34971	36059	+	MGA_758
NODE_7_length_88787_cov_444.457299	36059	36778	+	MGA_759
NODE_7_length_88787_cov_444.457299	38613	39116	+	MGA_761
NODE_7_length_88787_cov_444.457299	39443	40399	+	MGA_762
NODE_7_length_88787_cov_444.457299	40567	41025	-	MGA_763
NODE_7_length_88787_cov_444.457299	41255	42637	+	MGA_764
NODE_7_length_88787_cov_444.457299	42634	45207	+	MGA_765
NODE_7_length_88787_cov_444.457299	45803	46819	+	MGA_766
NODE_7_length_88787_cov_444.457299	53309	54622	-	MGA_773
NODE_7_length_88787_cov_444.457299	55039	57066	+	MGA_774
NODE_7_length_88787_cov_444.457299	57478	59598	+	MGA_775
NODE_7_length_88787_cov_444.457299	60911	62362	+	MGA_777
NODE_7_length_88787_cov_444.457299	62537	63475	+	MGA_778
NODE_7_length_88787_cov_444.457299	63686	64753	-	MGA_779
NODE_7_length_88787_cov_444.457299	64969	66255	+	MGA_780
NODE_7_length_88787_cov_444.457299	66348	67862	+	MGA_781
NODE_7_length_88787_cov_444.457299	68049	69122	+	MGA_782
NODE_7_length_88787_cov_444.457299	69122	69517	+	MGA_783
NODE_7_length_88787_cov_444.457299	69792	70877	+	MGA_784
NODE_7_length_88787_cov_444.457299	71086	72870	+	MGA_785
NODE_7_length_88787_cov_444.457299	73287	74834	+	MGA_786
NODE_7_length_88787_cov_444.457299	75006	76040	+	MGA_787
NODE_7_length_88787_cov_444.457299	76126	77037	-	MGA_788
NODE_7_length_88787_cov_444.457299	77171	77395	-	MGA_789
NODE_7_length_88787_cov_444.457299	80932	81981	-	MGA_793
NODE_7_length_88787_cov_444.457299	82316	83842	+	MGA_794
NODE_7_length_88787_cov_444.457299	84060	85697	+	MGA_795
NODE_7_length_88787_cov_444.457299	85761	86804	+	MGA_796
NODE_8_length_87167_cov_493.444919	105	1586	-	MGA_798
NODE_8_length_87167_cov_493.444919	1774	2343	-	MGA_799
NODE_8_length_87167_cov_493.444919	2488	3189	+	MGA_800
NODE_8_length_87167_cov_493.444919	3350	6961	+	MGA_801
NODE_8_length_87167_cov_493.444919	7149	8672	+	MGA_802
NODE_8_length_87167_cov_493.444919	9012	10508	+	MGA_803
NODE_8_length_87167_cov_493.444919	10812	15353	+	MGA_804
NODE_8_length_87167_cov_493.444919	15565	19401	+	MGA_805
NODE_8_length_87167_cov_493.444919	19887	20450	-	MGA_806
NODE_8_length_87167_cov_493.444919	20812	21333	+	MGA_807
NODE_8_length_87167_cov_493.444919	21520	23391	+	MGA_808
NODE_8_length_87167_cov_493.444919	23605	25443	+	MGA_809
NODE_8_length_87167_cov_493.444919	25596	26642	-	MGA_810
NODE_8_length_87167_cov_493.444919	26724	28142	+	MGA_811
NODE_8_length_87167_cov_493.444919	28740	29732	+	MGA_812
NODE_8_length_87167_cov_493.444919	30127	30753	-	MGA_814
NODE_8_length_87167_cov_493.444919	31103	32956	+	MGA_815
NODE_8_length_87167_cov_493.444919	33993	35069	-	MGA_816
NODE_8_length_87167_cov_493.444919	35247	36773	-	MGA_817
NODE_8_length_87167_cov_493.444919	44084	45994	+	MGA_823
NODE_8_length_87167_cov_493.444919	46005	47813	+	MGA_824
NODE_8_length_87167_cov_493.444919	64506	65576	-	MGA_837
NODE_8_length_87167_cov_493.444919	65855	66814	+	MGA_838
NODE_8_length_87167_cov_493.444919	66957	69470	+	MGA_840
NODE_8_length_87167_cov_493.444919	69564	70424	+	MGA_841
NODE_8_length_87167_cov_493.444919	70501	71205	-	MGA_842
NODE_8_length_87167_cov_493.444919	71329	72450	-	MGA_843
NODE_8_length_87167_cov_493.444919	72447	73853	-	MGA_844
NODE_8_length_87167_cov_493.444919	74300	76450	+	MGA_845
NODE_8_length_87167_cov_493.444919	76450	77625	+	MGA_846
NODE_9_length_82727_cov_374.458996	1501	4788	+	MGA_854
NODE_9_length_82727_cov_374.458996	4856	6076	-	MGA_855
NODE_9_length_82727_cov_374.458996	6354	6638	-	MGA_856
NODE_9_length_82727_cov_374.458996	6933	8702	+	MGA_857
NODE_9_length_82727_cov_374.458996	8794	9780	-	MGA_858
NODE_9_length_82727_cov_374.458996	9804	10508	-	MGA_859
NODE_9_length_82727_cov_374.458996	10567	12879	-	MGA_860
NODE_9_length_82727_cov_374.458996	12919	13626	-	MGA_861
NODE_9_length_82727_cov_374.458996	13692	14390	+	MGA_862
NODE_9_length_82727_cov_374.458996	14451	16016	+	MGA_863
NODE_9_length_82727_cov_374.458996	16038	17705	+	MGA_864
NODE_9_length_82727_cov_374.458996	17717	18613	+	MGA_865
NODE_9_length_82727_cov_374.458996	18704	18907	+	MGA_866
NODE_9_length_82727_cov_374.458996	18907	20367	+	MGA_867
NODE_9_length_82727_cov_374.458996	20483	20764	-	MGA_868
NODE_9_length_82727_cov_374.458996	20910	23471	-	MGA_869
NODE_9_length_82727_cov_374.458996	23612	25048	-	MGA_870
NODE_9_length_82727_cov_374.458996	25181	25822	+	MGA_871
NODE_9_length_82727_cov_374.458996	25957	26322	-	MGA_872
NODE_9_length_82727_cov_374.458996	26589	28193	-	MGA_873
NODE_9_length_82727_cov_374.458996	28190	28510	-	MGA_874
NODE_9_length_82727_cov_374.458996	28780	29382	-	MGA_875
NODE_9_length_82727_cov_374.458996	29379	30410	-	MGA_876
NODE_9_length_82727_cov_374.458996	30407	31462	-	MGA_877
NODE_9_length_82727_cov_374.458996	31462	32016	-	MGA_878
NODE_9_length_82727_cov_374.458996	32013	32963	-	MGA_879
NODE_9_length_82727_cov_374.458996	32960	34039	-	MGA_880
NODE_9_length_82727_cov_374.458996	34079	34768	-	MGA_881
NODE_9_length_82727_cov_374.458996	34884	35567	+	MGA_882
NODE_9_length_82727_cov_374.458996	35797	36036	+	MGA_883
NODE_9_length_82727_cov_374.458996	36274	37899	+	MGA_884
NODE_9_length_82727_cov_374.458996	37996	38286	-	MGA_885
NODE_9_length_82727_cov_374.458996	38493	39167	+	MGA_886
NODE_9_length_82727_cov_374.458996	39160	39891	+	MGA_887
NODE_9_length_82727_cov_374.458996	40057	41913	+	MGA_889
NODE_9_length_82727_cov_374.458996	41983	42372	+	MGA_890
NODE_9_length_82727_cov_374.458996	42381	43568	+	MGA_891
NODE_9_length_82727_cov_374.458996	43680	44645	-	MGA_892
NODE_9_length_82727_cov_374.458996	44795	47404	+	MGA_893
NODE_9_length_82727_cov_374.458996	47584	48903	-	MGA_894
NODE_9_length_82727_cov_374.458996	49046	50548	+	MGA_895
NODE_9_length_82727_cov_374.458996	50522	50695	-	MGA_896
NODE_9_length_82727_cov_374.458996	50807	52114	+	MGA_897
NODE_9_length_82727_cov_374.458996	52200	52958	+	MGA_898
NODE_9_length_82727_cov_374.458996	53130	54923	+	MGA_899
NODE_9_length_82727_cov_374.458996	55129	56589	-	MGA_900
NODE_9_length_82727_cov_374.458996	56746	58089	+	MGA_901
NODE_9_length_82727_cov_374.458996	58125	59924	+	MGA_902
NODE_9_length_82727_cov_374.458996	60401	61336	-	MGA_903
NODE_9_length_82727_cov_374.458996	61981	62751	+	MGA_904
NODE_9_length_82727_cov_374.458996	62783	63622	+	MGA_905
NODE_9_length_82727_cov_374.458996	63622	64299	+	MGA_906
NODE_9_length_82727_cov_374.458996	64305	65405	+	MGA_907
NODE_9_length_82727_cov_374.458996	65494	67035	+	MGA_908
NODE_9_length_82727_cov_374.458996	67072	67347	+	MGA_909
NODE_9_length_82727_cov_374.458996	67386	67673	+	MGA_910
NODE_9_length_82727_cov_374.458996	67663	67905	+	MGA_911
NODE_9_length_82727_cov_374.458996	67971	69044	+	MGA_912
NODE_9_length_82727_cov_374.458996	69178	71745	+	MGA_913
NODE_9_length_82727_cov_374.458996	71828	73207	+	MGA_914
NODE_9_length_82727_cov_374.458996	73265	73987	+	MGA_915
NODE_9_length_82727_cov_374.458996	73984	75681	+	MGA_916
NODE_9_length_82727_cov_374.458996	75678	77408	+	MGA_917
NODE_9_length_82727_cov_374.458996	77724	78707	+	MGA_918
NODE_9_length_82727_cov_374.458996	78848	80389	+	MGA_919
NODE_9_length_82727_cov_374.458996	80391	81461	+	MGA_920
NODE_9_length_82727_cov_374.458996	81458	82480	+	MGA_921
NODE_10_length_82719_cov_473.189432	285	977	-	MGA_922
NODE_10_length_82719_cov_473.189432	993	1424	-	MGA_923
NODE_10_length_82719_cov_473.189432	1687	2580	-	MGA_924
NODE_10_length_82719_cov_473.189432	2610	2837	-	MGA_925
NODE_10_length_82719_cov_473.189432	3081	4286	-	MGA_926
NODE_10_length_82719_cov_473.189432	4377	5510	-	MGA_927
NODE_10_length_82719_cov_473.189432	5511	7202	-	MGA_928
NODE_10_length_82719_cov_473.189432	7271	7519	-	MGA_929
NODE_10_length_82719_cov_473.189432	7542	7850	-	MGA_930
NODE_10_length_82719_cov_473.189432	8002	11070	-	MGA_931
NODE_10_length_82719_cov_473.189432	11383	12588	-	MGA_932
NODE_10_length_82719_cov_473.189432	12695	13639	+	MGA_933
NODE_10_length_82719_cov_473.189432	13815	15263	-	MGA_934
NODE_10_length_82719_cov_473.189432	15260	16354	-	MGA_935
NODE_10_length_82719_cov_473.189432	16252	16449	+	MGA_936
NODE_10_length_82719_cov_473.189432	17976	19430	-	MGA_938
NODE_10_length_82719_cov_473.189432	19567	20679	-	MGA_939
NODE_10_length_82719_cov_473.189432	20774	22090	-	MGA_940
NODE_10_length_82719_cov_473.189432	22251	23843	-	MGA_941
NODE_10_length_82719_cov_473.189432	23846	25708	-	MGA_942
NODE_10_length_82719_cov_473.189432	25922	26587	+	MGA_943
NODE_10_length_82719_cov_473.189432	26584	27861	+	MGA_944
NODE_10_length_82719_cov_473.189432	27948	28880	+	MGA_945
NODE_10_length_82719_cov_473.189432	28974	30227	+	MGA_946
NODE_10_length_82719_cov_473.189432	30276	31601	-	MGA_947
NODE_10_length_82719_cov_473.189432	31851	33197	+	MGA_948
NODE_10_length_82719_cov_473.189432	33404	34531	-	MGA_949
NODE_10_length_82719_cov_473.189432	34571	35575	-	MGA_950
NODE_10_length_82719_cov_473.189432	36255	36407	+	MGA_951
NODE_10_length_82719_cov_473.189432	36574	37266	-	MGA_952
NODE_10_length_82719_cov_473.189432	37349	38752	-	MGA_953
NODE_10_length_82719_cov_473.189432	39070	39846	+	MGA_954
NODE_10_length_82719_cov_473.189432	40019	41422	-	MGA_955
NODE_10_length_82719_cov_473.189432	41897	44134	+	MGA_956
NODE_10_length_82719_cov_473.189432	44304	45491	+	MGA_957
NODE_10_length_82719_cov_473.189432	45481	46302	+	MGA_958
NODE_10_length_82719_cov_473.189432	46562	47872	-	MGA_959
NODE_10_length_82719_cov_473.189432	48192	48818	+	MGA_960
NODE_10_length_82719_cov_473.189432	48866	49345	+	MGA_961
NODE_10_length_82719_cov_473.189432	49541	50650	-	MGA_962
NODE_10_length_82719_cov_473.189432	50676	51785	-	MGA_963
NODE_10_length_82719_cov_473.189432	51932	54601	-	MGA_964
NODE_10_length_82719_cov_473.189432	54820	56379	-	MGA_965
NODE_10_length_82719_cov_473.189432	56619	57494	+	MGA_966
NODE_10_length_82719_cov_473.189432	57491	57667	+	MGA_967
NODE_10_length_82719_cov_473.189432	57740	58561	-	MGA_968
NODE_10_length_82719_cov_473.189432	58664	59902	-	MGA_969
NODE_10_length_82719_cov_473.189432	60125	61303	-	MGA_970
NODE_10_length_82719_cov_473.189432	61586	62704	+	MGA_971
NODE_11_length_79306_cov_504.016055	34	1086	+	MGA_988
NODE_11_length_79306_cov_504.016055	1235	3049	-	MGA_989
NODE_11_length_79306_cov_504.016055	3209	4243	-	MGA_990
NODE_11_length_79306_cov_504.016055	4376	6613	-	MGA_991
NODE_11_length_79306_cov_504.016055	6874	7155	-	MGA_992
NODE_11_length_79306_cov_504.016055	7200	7856	+	MGA_993
NODE_11_length_79306_cov_504.016055	13496	15376	+	MGA_997
NODE_11_length_79306_cov_504.016055	15376	16032	+	MGA_998
NODE_11_length_79306_cov_504.016055	16124	17143	+	MGA_999
NODE_11_length_79306_cov_504.016055	17158	17745	+	MGA_1000
NODE_11_length_79306_cov_504.016055	18018	19370	+	MGA_1001
NODE_11_length_79306_cov_504.016055	19407	20528	+	MGA_1002
NODE_11_length_79306_cov_504.016055	20515	22014	+	MGA_1003
NODE_11_length_79306_cov_504.016055	22101	22871	+	MGA_1004
NODE_11_length_79306_cov_504.016055	22984	23655	+	MGA_1005
NODE_11_length_79306_cov_504.016055	23806	24531	+	MGA_1006
NODE_11_length_79306_cov_504.016055	24997	25704	+	MGA_1007
NODE_11_length_79306_cov_504.016055	25774	26034	-	MGA_1008
NODE_11_length_79306_cov_504.016055	26128	26778	+	MGA_1009
NODE_11_length_79306_cov_504.016055	28318	28605	+	MGA_1011
NODE_11_length_79306_cov_504.016055	28602	28988	+	MGA_1012
NODE_11_length_79306_cov_504.016055	29029	29415	+	MGA_1013
NODE_11_length_79306_cov_504.016055	29463	30593	+	MGA_1014
NODE_11_length_79306_cov_504.016055	30791	31390	-	MGA_1015
NODE_11_length_79306_cov_504.016055	31585	34407	+	MGA_1016
NODE_11_length_79306_cov_504.016055	34433	35035	+	MGA_1017
NODE_11_length_79306_cov_504.016055	35032	36165	-	MGA_1018
NODE_11_length_79306_cov_504.016055	37054	38337	+	MGA_1020
NODE_11_length_79306_cov_504.016055	38698	39462	+	MGA_1021
NODE_11_length_79306_cov_504.016055	39542	40084	+	MGA_1022
NODE_11_length_79306_cov_504.016055	40166	41260	-	MGA_1023
NODE_11_length_79306_cov_504.016055	41428	42048	+	MGA_1024
NODE_11_length_79306_cov_504.016055	42051	43631	-	MGA_1025
NODE_11_length_79306_cov_504.016055	44320	46236	+	MGA_1026
NODE_11_length_79306_cov_504.016055	46308	48713	-	MGA_1027
NODE_11_length_79306_cov_504.016055	49091	50242	+	MGA_1028
NODE_11_length_79306_cov_504.016055	50366	53452	+	MGA_1029
NODE_11_length_79306_cov_504.016055	53730	54350	+	MGA_1031
NODE_11_length_79306_cov_504.016055	54347	55498	+	MGA_1032
NODE_11_length_79306_cov_504.016055	55617	56171	+	MGA_1033
NODE_11_length_79306_cov_504.016055	56314	57915	+	MGA_1034
NODE_11_length_79306_cov_504.016055	58075	59592	+	MGA_1035
NODE_11_length_79306_cov_504.016055	59989	60336	-	MGA_1036
NODE_11_length_79306_cov_504.016055	60538	61074	+	MGA_1037
NODE_11_length_79306_cov_504.016055	61122	62567	-	MGA_1038
NODE_11_length_79306_cov_504.016055	62829	63488	+	MGA_1039
NODE_11_length_79306_cov_504.016055	63704	64618	+	MGA_1040
NODE_11_length_79306_cov_504.016055	64739	65614	+	MGA_1041
NODE_11_length_79306_cov_504.016055	65732	66913	-	MGA_1042
NODE_11_length_79306_cov_504.016055	67470	68990	+	MGA_1043
NODE_11_length_79306_cov_504.016055	69920	70408	+	MGA_1044
NODE_11_length_79306_cov_504.016055	70805	76705	+	MGA_1045
NODE_11_length_79306_cov_504.016055	76804	77625	-	MGA_1046
NODE_12_length_70046_cov_300.633466	381	1250	-	MGA_1050
NODE_12_length_70046_cov_300.633466	1337	1642	+	MGA_1051
NODE_12_length_70046_cov_300.633466	4755	5858	+	MGA_1056
NODE_12_length_70046_cov_300.633466	5928	6239	+	MGA_1057
NODE_12_length_70046_cov_300.633466	6472	7617	-	MGA_1058
NODE_12_length_70046_cov_300.633466	7673	8791	-	MGA_1059
NODE_12_length_70046_cov_300.633466	11394	12497	+	MGA_1061
NODE_12_length_70046_cov_300.633466	12627	13964	+	MGA_1062
NODE_12_length_70046_cov_300.633466	15972	17528	-	MGA_1065
NODE_12_length_70046_cov_300.633466	17639	18490	-	MGA_1066
NODE_12_length_70046_cov_300.633466	18487	19437	-	MGA_1067
NODE_12_length_70046_cov_300.633466	19539	19787	-	MGA_1068
NODE_12_length_70046_cov_300.633466	19851	20654	-	MGA_1069
NODE_12_length_70046_cov_300.633466	20711	21916	-	MGA_1070
NODE_12_length_70046_cov_300.633466	22085	23035	-	MGA_1071
NODE_12_length_70046_cov_300.633466	23234	24220	-	MGA_1072
NODE_12_length_70046_cov_300.633466	24220	25191	-	MGA_1073
NODE_12_length_70046_cov_300.633466	25300	27561	-	MGA_1074
NODE_12_length_70046_cov_300.633466	27816	30851	-	MGA_1075
NODE_12_length_70046_cov_300.633466	31849	33042	-	MGA_1077
NODE_12_length_70046_cov_300.633466	33107	36652	-	MGA_1078
NODE_12_length_70046_cov_300.633466	36652	37326	-	MGA_1079
NODE_12_length_70046_cov_300.633466	37323	38954	-	MGA_1080
NODE_12_length_70046_cov_300.633466	39154	39801	+	MGA_1081
NODE_12_length_70046_cov_300.633466	39801	40502	+	MGA_1082
NODE_12_length_70046_cov_300.633466	40502	42115	+	MGA_1083
NODE_12_length_70046_cov_300.633466	42112	42783	+	MGA_1084
NODE_12_length_70046_cov_300.633466	42838	43206	-	MGA_1085
NODE_12_length_70046_cov_300.633466	43277	43984	-	MGA_1086
NODE_12_length_70046_cov_300.633466	44028	45629	-	MGA_1087
NODE_12_length_70046_cov_300.633466	46098	47654	-	MGA_1089
NODE_12_length_70046_cov_300.633466	47735	48130	-	MGA_1090
NODE_12_length_70046_cov_300.633466	48264	49034	-	MGA_1091
NODE_12_length_70046_cov_300.633466	49209	49757	+	MGA_1092
NODE_12_length_70046_cov_300.633466	49758	50927	-	MGA_1093
NODE_12_length_70046_cov_300.633466	51138	52124	-	MGA_1094
NODE_12_length_70046_cov_300.633466	52147	52698	-	MGA_1095
NODE_12_length_70046_cov_300.633466	52775	53515	-	MGA_1096
NODE_12_length_70046_cov_300.633466	53689	54540	-	MGA_1097
NODE_12_length_70046_cov_300.633466	54619	55464	-	MGA_1098
NODE_12_length_70046_cov_300.633466	55822	56310	-	MGA_1099
NODE_12_length_70046_cov_300.633466	56317	58422	-	MGA_1100
NODE_12_length_70046_cov_300.633466	58513	59004	-	MGA_1101
NODE_12_length_70046_cov_300.633466	59166	60290	-	MGA_1102
NODE_12_length_70046_cov_300.633466	60418	61638	+	MGA_1103
NODE_12_length_70046_cov_300.633466	61887	63518	+	MGA_1104
NODE_12_length_70046_cov_300.633466	63596	64081	-	MGA_1105
NODE_12_length_70046_cov_300.633466	64103	64318	+	MGA_1106
NODE_12_length_70046_cov_300.633466	65715	66056	+	MGA_1109
NODE_12_length_70046_cov_300.633466	66053	66436	+	MGA_1110
NODE_12_length_70046_cov_300.633466	66421	66570	+	MGA_1111
NODE_12_length_70046_cov_300.633466	66567	66731	+	MGA_1112
NODE_12_length_70046_cov_300.633466	66718	66918	+	MGA_1113
NODE_13_length_69420_cov_372.530219	209	982	-	MGA_1119
NODE_13_length_69420_cov_372.530219	1107	2051	+	MGA_1120
NODE_13_length_69420_cov_372.530219	2106	2585	-	MGA_1121
NODE_13_length_69420_cov_372.530219	2684	3091	-	MGA_1122
NODE_13_length_69420_cov_372.530219	3233	4693	-	MGA_1123
NODE_13_length_69420_cov_372.530219	4840	5409	-	MGA_1124
NODE_13_length_69420_cov_372.530219	5839	6840	-	MGA_1125
NODE_13_length_69420_cov_372.530219	6903	7469	-	MGA_1126
NODE_13_length_69420_cov_372.530219	7466	8077	-	MGA_1127
NODE_13_length_69420_cov_372.530219	8168	9466	-	MGA_1128
NODE_13_length_69420_cov_372.530219	9617	10564	-	MGA_1129
NODE_13_length_69420_cov_372.530219	10704	14288	-	MGA_1130
NODE_13_length_69420_cov_372.530219	14278	14877	-	MGA_1131
NODE_13_length_69420_cov_372.530219	15073	15570	-	MGA_1132
NODE_13_length_69420_cov_372.530219	15704	18943	-	MGA_1133
NODE_13_length_69420_cov_372.530219	19116	20318	+	MGA_1134
NODE_13_length_69420_cov_372.530219	20416	21201	-	MGA_1135
NODE_13_length_69420_cov_372.530219	21198	21779	-	MGA_1136
NODE_13_length_69420_cov_372.530219	21776	23059	-	MGA_1137
NODE_13_length_69420_cov_372.530219	23193	23894	-	MGA_1138
NODE_13_length_69420_cov_372.530219	24117	25607	+	MGA_1139
NODE_13_length_69420_cov_372.530219	26127	28913	+	MGA_1140
NODE_13_length_69420_cov_372.530219	28989	29702	-	MGA_1141
NODE_13_length_69420_cov_372.530219	29705	30418	-	MGA_1142
NODE_13_length_69420_cov_372.530219	30425	31351	-	MGA_1143
NODE_13_length_69420_cov_372.530219	31367	31741	-	MGA_1144
NODE_13_length_69420_cov_372.530219	31982	32629	-	MGA_1145
NODE_13_length_69420_cov_372.530219	32659	34485	-	MGA_1146
NODE_13_length_69420_cov_372.530219	34485	35507	-	MGA_1147
NODE_13_length_69420_cov_372.530219	35754	37220	+	MGA_1148
NODE_13_length_69420_cov_372.530219	37271	37933	+	MGA_1149
NODE_13_length_69420_cov_372.530219	38071	38745	+	MGA_1150
NODE_13_length_69420_cov_372.530219	38727	39500	-	MGA_1151
NODE_13_length_69420_cov_372.530219	39757	40797	-	MGA_1152
NODE_13_length_69420_cov_372.530219	40806	42587	-	MGA_1153
NODE_13_length_69420_cov_372.530219	42615	43937	-	MGA_1154
NODE_13_length_69420_cov_372.530219	44063	44830	-	MGA_1155
NODE_13_length_69420_cov_372.530219	44827	45360	-	MGA_1156
NODE_13_length_69420_cov_372.530219	45522	45878	-	MGA_1157
NODE_13_length_69420_cov_372.530219	45935	46744	-	MGA_1158
NODE_13_length_69420_cov_372.530219	46821	47690	-	MGA_1159
NODE_13_length_69420_cov_372.530219	47702	47896	-	MGA_1160
NODE_13_length_69420_cov_372.530219	48245	49717	-	MGA_1161
NODE_13_length_69420_cov_372.530219	50162	51400	-	MGA_1162
NODE_13_length_69420_cov_372.530219	51483	51995	-	MGA_1163
NODE_13_length_69420_cov_372.530219	51992	52957	-	MGA_1164
NODE_13_length_69420_cov_372.530219	53001	54296	-	MGA_1165
NODE_13_length_69420_cov_372.530219	54286	55242	-	MGA_1166
NODE_13_length_69420_cov_372.530219	55314	56489	-	MGA_1167
NODE_13_length_69420_cov_372.530219	56486	57580	-	MGA_1168
NODE_13_length_69420_cov_372.530219	57679	58365	-	MGA_1169
NODE_13_length_69420_cov_372.530219	58396	61005	-	MGA_1170
NODE_13_length_69420_cov_372.530219	61013	62080	-	MGA_1171
NODE_13_length_69420_cov_372.530219	62134	63012	-	MGA_1172
NODE_13_length_69420_cov_372.530219	63208	64035	-	MGA_1173
NODE_13_length_69420_cov_372.530219	64032	65507	-	MGA_1174
NODE_13_length_69420_cov_372.530219	65507	66106	-	MGA_1175
NODE_13_length_69420_cov_372.530219	66406	67773	-	MGA_1176
NODE_13_length_69420_cov_372.530219	67865	68488	+	MGA_1177
NODE_14_length_56985_cov_428.861144	601	1227	+	MGA_1180
NODE_14_length_56985_cov_428.861144	1310	2284	-	MGA_1181
NODE_14_length_56985_cov_428.861144	2531	3538	-	MGA_1182
NODE_14_length_56985_cov_428.861144	3538	4617	-	MGA_1183
NODE_14_length_56985_cov_428.861144	4698	5687	+	MGA_1184
NODE_14_length_56985_cov_428.861144	5733	6503	-	MGA_1185
NODE_14_length_56985_cov_428.861144	6591	6884	-	MGA_1186
NODE_14_length_56985_cov_428.861144	6884	8356	-	MGA_1187
NODE_14_length_56985_cov_428.861144	8365	9288	-	MGA_1188
NODE_14_length_56985_cov_428.861144	9292	10923	-	MGA_1189
NODE_14_length_56985_cov_428.861144	10999	11835	-	MGA_1190
NODE_14_length_56985_cov_428.861144	11870	12388	-	MGA_1191
NODE_14_length_56985_cov_428.861144	12445	12672	-	MGA_1192
NODE_14_length_56985_cov_428.861144	12776	13588	-	MGA_1193
NODE_14_length_56985_cov_428.861144	14050	15084	-	MGA_1194
NODE_14_length_56985_cov_428.861144	33568	33849	+	MGA_1225
NODE_14_length_56985_cov_428.861144	33815	35806	-	MGA_1226
NODE_14_length_56985_cov_428.861144	36050	38290	+	MGA_1227
NODE_14_length_56985_cov_428.861144	38518	39012	+	MGA_1228
NODE_14_length_56985_cov_428.861144	39246	39830	+	MGA_1229
NODE_14_length_56985_cov_428.861144	39939	40643	+	MGA_1230
NODE_14_length_56985_cov_428.861144	40804	41604	+	MGA_1231
NODE_14_length_56985_cov_428.861144	41663	42349	+	MGA_1232
NODE_14_length_56985_cov_428.861144	42411	43937	+	MGA_1233
NODE_14_length_56985_cov_428.861144	44081	46816	+	MGA_1234
NODE_14_length_56985_cov_428.861144	47042	49093	-	MGA_1235
NODE_14_length_56985_cov_428.861144	49215	49604	-	MGA_1236
NODE_14_length_56985_cov_428.861144	49912	51981	-	MGA_1237
NODE_14_length_56985_cov_428.861144	52187	53800	-	MGA_1238
NODE_14_length_56985_cov_428.861144	54019	55887	-	MGA_1239
NODE_14_length_56985_cov_428.861144	56046	56360	-	MGA_1240
NODE_15_length_56060_cov_326.548024	79	720	-	MGA_1242
NODE_15_length_56060_cov_326.548024	760	1485	-	MGA_1243
NODE_15_length_56060_cov_326.548024	1520	2752	-	MGA_1244
NODE_15_length_56060_cov_326.548024	3087	3932	+	MGA_1245
NODE_15_length_56060_cov_326.548024	4113	5012	+	MGA_1246
NODE_15_length_56060_cov_326.548024	5152	6168	+	MGA_1247
NODE_15_length_56060_cov_326.548024	6201	6938	-	MGA_1248
NODE_15_length_56060_cov_326.548024	7073	8527	+	MGA_1249
NODE_15_length_56060_cov_326.548024	8538	9524	+	MGA_1250
NODE_15_length_56060_cov_326.548024	9558	10307	-	MGA_1251
NODE_15_length_56060_cov_326.548024	10519	13428	+	MGA_1252
NODE_15_length_56060_cov_326.548024	13581	14240	+	MGA_1253
NODE_15_length_56060_cov_326.548024	14252	14785	+	MGA_1254
NODE_15_length_56060_cov_326.548024	14851	15360	+	MGA_1255
NODE_15_length_56060_cov_326.548024	15472	15705	+	MGA_1256
NODE_15_length_56060_cov_326.548024	16006	17199	+	MGA_1258
NODE_15_length_56060_cov_326.548024	17346	17795	+	MGA_1259
NODE_15_length_56060_cov_326.548024	18672	19334	+	MGA_1260
NODE_15_length_56060_cov_326.548024	19496	22390	+	MGA_1261
NODE_15_length_56060_cov_326.548024	23644	24690	+	MGA_1263
NODE_15_length_56060_cov_326.548024	25079	25774	-	MGA_1265
NODE_15_length_56060_cov_326.548024	25835	26539	+	MGA_1266
NODE_15_length_56060_cov_326.548024	26591	28864	-	MGA_1267
NODE_15_length_56060_cov_326.548024	29008	30090	-	MGA_1268
NODE_15_length_56060_cov_326.548024	30297	30959	+	MGA_1269
NODE_15_length_56060_cov_326.548024	31162	32556	+	MGA_1270
NODE_15_length_56060_cov_326.548024	32614	34932	+	MGA_1271
NODE_15_length_56060_cov_326.548024	35292	36518	+	MGA_1272
NODE_15_length_56060_cov_326.548024	36592	37554	+	MGA_1273
NODE_15_length_56060_cov_326.548024	37570	42303	+	MGA_1274
NODE_15_length_56060_cov_326.548024	42314	43102	-	MGA_1275
NODE_15_length_56060_cov_326.548024	43247	45976	-	MGA_1276
NODE_15_length_56060_cov_326.548024	46227	47495	+	MGA_1277
NODE_15_length_56060_cov_326.548024	47505	48512	-	MGA_1278
NODE_15_length_56060_cov_326.548024	48423	48755	+	MGA_1279
NODE_15_length_56060_cov_326.548024	48755	49048	+	MGA_1280
NODE_15_length_56060_cov_326.548024	49048	49524	+	MGA_1281
NODE_15_length_56060_cov_326.548024	49658	51982	+	MGA_1282
NODE_15_length_56060_cov_326.548024	53566	54105	-	MGA_1285
NODE_16_length_47130_cov_419.173655	207	2465	+	MGA_1290
NODE_16_length_47130_cov_419.173655	2531	3394	+	MGA_1291
NODE_16_length_47130_cov_419.173655	4552	5895	-	MGA_1293
NODE_16_length_47130_cov_419.173655	6201	6815	-	MGA_1294
NODE_16_length_47130_cov_419.173655	6838	7071	-	MGA_1295
NODE_16_length_47130_cov_419.173655	7092	7553	-	MGA_1296
NODE_16_length_47130_cov_419.173655	7772	8881	-	MGA_1297
NODE_16_length_47130_cov_419.173655	8958	10706	-	MGA_1298
NODE_16_length_47130_cov_419.173655	10915	11823	+	MGA_1299
NODE_16_length_47130_cov_419.173655	11842	13500	-	MGA_1300
NODE_16_length_47130_cov_419.173655	13710	14438	+	MGA_1301
NODE_16_length_47130_cov_419.173655	14486	16762	+	MGA_1302
NODE_16_length_47130_cov_419.173655	16815	17234	-	MGA_1303
NODE_16_length_47130_cov_419.173655	17244	17522	-	MGA_1304
NODE_16_length_47130_cov_419.173655	17678	18232	-	MGA_1305
NODE_16_length_47130_cov_419.173655	18249	20216	-	MGA_1306
NODE_16_length_47130_cov_419.173655	20377	21105	-	MGA_1307
NODE_16_length_47130_cov_419.173655	21258	21452	-	MGA_1308
NODE_16_length_47130_cov_419.173655	21541	22170	-	MGA_1309
NODE_16_length_47130_cov_419.173655	22259	23149	-	MGA_1310
NODE_16_length_47130_cov_419.173655	23157	23657	-	MGA_1311
NODE_16_length_47130_cov_419.173655	23931	24224	+	MGA_1312
NODE_16_length_47130_cov_419.173655	24266	25276	-	MGA_1313
NODE_16_length_47130_cov_419.173655	25450	25878	+	MGA_1314
NODE_16_length_47130_cov_419.173655	25978	26592	-	MGA_1315
NODE_16_length_47130_cov_419.173655	26835	28157	+	MGA_1316
NODE_16_length_47130_cov_419.173655	29128	29970	+	MGA_1317
NODE_16_length_47130_cov_419.173655	30102	30878	+	MGA_1318
NODE_16_length_47130_cov_419.173655	30922	31680	+	MGA_1319
NODE_16_length_47130_cov_419.173655	32131	33399	+	MGA_1320
NODE_16_length_47130_cov_419.173655	33473	34783	+	MGA_1321
NODE_16_length_47130_cov_419.173655	34833	36113	+	MGA_1322
NODE_16_length_47130_cov_419.173655	36207	37208	-	MGA_1323
NODE_16_length_47130_cov_419.173655	37929	39629	+	MGA_1324
NODE_16_length_47130_cov_419.173655	40260	40625	+	MGA_1325
NODE_16_length_47130_cov_419.173655	40792	41649	+	MGA_1326
NODE_16_length_47130_cov_419.173655	41768	42607	+	MGA_1327
NODE_16_length_47130_cov_419.173655	42734	43849	+	MGA_1328
NODE_16_length_47130_cov_419.173655	44004	45650	+	MGA_1329
NODE_16_length_47130_cov_419.173655	45735	46427	+	MGA_1330
NODE_17_length_46303_cov_445.198460	1123	2586	-	MGA_1333
NODE_17_length_46303_cov_445.198460	2583	3236	-	MGA_1334
NODE_17_length_46303_cov_445.198460	3261	4646	-	MGA_1335
NODE_17_length_46303_cov_445.198460	4840	5079	-	MGA_1336
NODE_17_length_46303_cov_445.198460	5095	5478	-	MGA_1337
NODE_17_length_46303_cov_445.198460	5626	6513	-	MGA_1338
NODE_17_length_46303_cov_445.198460	6690	9299	-	MGA_1339
NODE_17_length_46303_cov_445.198460	9341	11191	-	MGA_1340
NODE_17_length_46303_cov_445.198460	11276	12202	-	MGA_1341
NODE_17_length_46303_cov_445.198460	12344	13099	-	MGA_1342
NODE_17_length_46303_cov_445.198460	13435	14754	-	MGA_1343
NODE_17_length_46303_cov_445.198460	14967	18998	-	MGA_1344
NODE_17_length_46303_cov_445.198460	18995	23137	-	MGA_1345
NODE_17_length_46303_cov_445.198460	23422	24843	+	MGA_1346
NODE_17_length_46303_cov_445.198460	25010	30994	+	MGA_1347
NODE_17_length_46303_cov_445.198460	31005	32378	+	MGA_1348
NODE_17_length_46303_cov_445.198460	32403	33626	+	MGA_1349
NODE_17_length_46303_cov_445.198460	33623	36136	+	MGA_1350
NODE_17_length_46303_cov_445.198460	36133	37065	+	MGA_1351
NODE_17_length_46303_cov_445.198460	37092	37607	+	MGA_1352
NODE_17_length_46303_cov_445.198460	37623	38255	+	MGA_1353
NODE_17_length_46303_cov_445.198460	38414	42451	-	MGA_1354
NODE_17_length_46303_cov_445.198460	42619	46182	-	MGA_1355
NODE_18_length_42196_cov_453.026069	3121	4932	+	MGA_1358
NODE_18_length_42196_cov_453.026069	5106	5789	+	MGA_1360
NODE_18_length_42196_cov_453.026069	5939	7216	+	MGA_1361
NODE_18_length_42196_cov_453.026069	7238	8542	+	MGA_1362
NODE_18_length_42196_cov_453.026069	8576	9799	+	MGA_1363
NODE_18_length_42196_cov_453.026069	9815	10612	+	MGA_1364
NODE_18_length_42196_cov_453.026069	10729	11292	+	MGA_1365
NODE_18_length_42196_cov_453.026069	11298	11897	-	MGA_1366
NODE_18_length_42196_cov_453.026069	12012	14174	-	MGA_1367
NODE_18_length_42196_cov_453.026069	14171	16801	-	MGA_1368
NODE_18_length_42196_cov_453.026069	17156	18442	+	MGA_1369
NODE_18_length_42196_cov_453.026069	18621	20075	+	MGA_1370
NODE_18_length_42196_cov_453.026069	20379	21221	-	MGA_1371
NODE_18_length_42196_cov_453.026069	21448	22473	-	MGA_1372
NODE_18_length_42196_cov_453.026069	22470	24008	-	MGA_1373
NODE_18_length_42196_cov_453.026069	24331	25962	+	MGA_1374
NODE_18_length_42196_cov_453.026069	26036	27070	-	MGA_1375
NODE_18_length_42196_cov_453.026069	27094	27915	-	MGA_1376
NODE_18_length_42196_cov_453.026069	28029	29300	+	MGA_1377
NODE_18_length_42196_cov_453.026069	29668	30963	+	MGA_1378
NODE_18_length_42196_cov_453.026069	30965	31303	+	MGA_1379
NODE_18_length_42196_cov_453.026069	31447	33237	+	MGA_1380
NODE_18_length_42196_cov_453.026069	33271	34716	-	MGA_1381
NODE_18_length_42196_cov_453.026069	34991	36451	+	MGA_1382
NODE_18_length_42196_cov_453.026069	36451	37923	+	MGA_1383
NODE_18_length_42196_cov_453.026069	38026	38778	+	MGA_1384
NODE_18_length_42196_cov_453.026069	38927	39214	+	MGA_1385
NODE_18_length_42196_cov_453.026069	39211	41031	+	MGA_1386
NODE_19_length_37749_cov_298.775138	6661	6915	-	MGA_1398
NODE_19_length_37749_cov_298.775138	6939	7658	-	MGA_1399
NODE_19_length_37749_cov_298.775138	7790	8137	-	MGA_1400
NODE_19_length_37749_cov_298.775138	8253	10844	-	MGA_1401
NODE_19_length_37749_cov_298.775138	10857	11174	-	MGA_1402
NODE_19_length_37749_cov_298.775138	11185	13098	-	MGA_1403
NODE_19_length_37749_cov_298.775138	13238	14767	-	MGA_1404
NODE_19_length_37749_cov_298.775138	15148	17277	-	MGA_1405
NODE_19_length_37749_cov_298.775138	17274	18044	-	MGA_1406
NODE_19_length_37749_cov_298.775138	18240	19208	+	MGA_1407
NODE_19_length_37749_cov_298.775138	19107	19409	-	MGA_1408
NODE_19_length_37749_cov_298.775138	19555	21192	-	MGA_1409
NODE_19_length_37749_cov_298.775138	21140	22519	-	MGA_1410
NODE_19_length_37749_cov_298.775138	22539	23450	-	MGA_1411
NODE_19_length_37749_cov_298.775138	23450	24652	-	MGA_1412
NODE_19_length_37749_cov_298.775138	24749	25330	-	MGA_1413
NODE_19_length_37749_cov_298.775138	25394	25828	-	MGA_1414
NODE_19_length_37749_cov_298.775138	25893	26957	-	MGA_1415
NODE_19_length_37749_cov_298.775138	26957	27583	-	MGA_1416
NODE_19_length_37749_cov_298.775138	27641	28225	-	MGA_1417
NODE_19_length_37749_cov_298.775138	28231	28986	-	MGA_1418
NODE_19_length_37749_cov_298.775138	29127	29711	-	MGA_1419
NODE_19_length_37749_cov_298.775138	29851	31884	-	MGA_1420
NODE_19_length_37749_cov_298.775138	32704	33537	+	MGA_1422
NODE_19_length_37749_cov_298.775138	33593	33784	+	MGA_1423
NODE_19_length_37749_cov_298.775138	33694	34578	-	MGA_1424
NODE_19_length_37749_cov_298.775138	34723	35514	+	MGA_1425
NODE_19_length_37749_cov_298.775138	35637	36812	-	MGA_1426
NODE_19_length_37749_cov_298.775138	36950	37129	+	MGA_1427
NODE_19_length_37749_cov_298.775138	37107	37664	+	MGA_1428
NODE_20_length_35494_cov_282.619025	85	1089	-	MGA_1429
NODE_20_length_35494_cov_282.619025	1108	2034	-	MGA_1430
NODE_20_length_35494_cov_282.619025	2335	3975	-	MGA_1431
NODE_20_length_35494_cov_282.619025	4228	5295	-	MGA_1432
NODE_20_length_35494_cov_282.619025	5330	5587	-	MGA_1433
NODE_20_length_35494_cov_282.619025	5799	6866	-	MGA_1434
NODE_20_length_35494_cov_282.619025	8463	10394	-	MGA_1437
NODE_20_length_35494_cov_282.619025	10709	12058	-	MGA_1438
NODE_20_length_35494_cov_282.619025	12090	13337	-	MGA_1439
NODE_20_length_35494_cov_282.619025	13340	14233	-	MGA_1440
NODE_20_length_35494_cov_282.619025	14237	15868	-	MGA_1441
NODE_20_length_35494_cov_282.619025	15960	17240	-	MGA_1442
NODE_20_length_35494_cov_282.619025	17300	18127	-	MGA_1443
NODE_20_length_35494_cov_282.619025	18259	18978	-	MGA_1444
NODE_20_length_35494_cov_282.619025	18988	19902	-	MGA_1445
NODE_20_length_35494_cov_282.619025	19921	20760	-	MGA_1446
NODE_20_length_35494_cov_282.619025	21022	23868	-	MGA_1447
NODE_20_length_35494_cov_282.619025	23996	24931	-	MGA_1448
NODE_20_length_35494_cov_282.619025	24992	25375	-	MGA_1449
NODE_20_length_35494_cov_282.619025	25428	25622	-	MGA_1450
NODE_20_length_35494_cov_282.619025	25603	26238	-	MGA_1451
NODE_20_length_35494_cov_282.619025	27846	28571	+	MGA_1453
NODE_20_length_35494_cov_282.619025	28812	29870	+	MGA_1454
NODE_20_length_35494_cov_282.619025	29964	30512	+	MGA_1455
NODE_20_length_35494_cov_282.619025	30513	31505	-	MGA_1456
NODE_20_length_35494_cov_282.619025	31796	32752	+	MGA_1457
NODE_20_length_35494_cov_282.619025	32877	33821	+	MGA_1458
NODE_20_length_35494_cov_282.619025	34087	34407	-	MGA_1459
NODE_20_length_35494_cov_282.619025	34407	35195	-	MGA_1460
NODE_21_length_32239_cov_530.564735	441	1196	+	MGA_1462
NODE_21_length_32239_cov_530.564735	1342	2607	-	MGA_1463
NODE_21_length_32239_cov_530.564735	2855	4675	-	MGA_1464
NODE_21_length_32239_cov_530.564735	16847	17713	-	MGA_1475
NODE_21_length_32239_cov_530.564735	17732	18661	-	MGA_1476
NODE_21_length_32239_cov_530.564735	18683	19972	-	MGA_1477
NODE_21_length_32239_cov_530.564735	20146	21354	+	MGA_1478
NODE_21_length_32239_cov_530.564735	21519	23825	-	MGA_1479
NODE_21_length_32239_cov_530.564735	23945	24376	-	MGA_1480
NODE_21_length_32239_cov_530.564735	24518	26590	+	MGA_1481
NODE_21_length_32239_cov_530.564735	27548	28306	-	MGA_1483
NODE_21_length_32239_cov_530.564735	28425	28997	-	MGA_1484
NODE_21_length_32239_cov_530.564735	29643	30224	+	MGA_1485
NODE_21_length_32239_cov_530.564735	30287	32008	+	MGA_1486
NODE_23_length_29826_cov_416.118122	889	1161	-	MGA_1488
NODE_23_length_29826_cov_416.118122	1330	3240	-	MGA_1489
NODE_23_length_29826_cov_416.118122	3341	4432	-	MGA_1490
NODE_23_length_29826_cov_416.118122	4461	5138	-	MGA_1491
NODE_23_length_29826_cov_416.118122	5200	6135	-	MGA_1492
NODE_23_length_29826_cov_416.118122	6148	7119	-	MGA_1493
NODE_23_length_29826_cov_416.118122	7226	7714	-	MGA_1494
NODE_23_length_29826_cov_416.118122	7946	8833	-	MGA_1495
NODE_23_length_29826_cov_416.118122	9241	10773	-	MGA_1496
NODE_23_length_29826_cov_416.118122	11015	12265	-	MGA_1497
NODE_23_length_29826_cov_416.118122	12282	13532	-	MGA_1498
NODE_23_length_29826_cov_416.118122	13537	14250	-	MGA_1499
NODE_23_length_29826_cov_416.118122	14561	15712	+	MGA_1500
NODE_23_length_29826_cov_416.118122	15880	17262	-	MGA_1501
NODE_23_length_29826_cov_416.118122	17454	19760	-	MGA_1502
NODE_23_length_29826_cov_416.118122	19873	20592	-	MGA_1503
NODE_23_length_29826_cov_416.118122	20831	21631	-	MGA_1504
NODE_23_length_29826_cov_416.118122	21974	23005	-	MGA_1505
NODE_23_length_29826_cov_416.118122	23070	25586	-	MGA_1506
NODE_23_length_29826_cov_416.118122	25648	26988	-	MGA_1507
NODE_23_length_29826_cov_416.118122	27046	27459	-	MGA_1508
NODE_23_length_29826_cov_416.118122	27485	28777	-	MGA_1509
NODE_23_length_29826_cov_416.118122	28787	29644	-	MGA_1510
NODE_24_length_29178_cov_418.042748	1000	1686	-	MGA_1513
NODE_24_length_29178_cov_418.042748	2962	4206	-	MGA_1515
NODE_24_length_29178_cov_418.042748	4402	6852	-	MGA_1516
NODE_24_length_29178_cov_418.042748	7558	7737	-	MGA_1517
NODE_24_length_29178_cov_418.042748	7761	8309	-	MGA_1518
NODE_24_length_29178_cov_418.042748	8867	18385	-	MGA_1519
NODE_24_length_29178_cov_418.042748	18424	20046	-	MGA_1520
NODE_24_length_29178_cov_418.042748	20039	22003	-	MGA_1521
NODE_24_length_29178_cov_418.042748	22516	23115	+	MGA_1522
NODE_24_length_29178_cov_418.042748	23147	23989	-	MGA_1523
NODE_24_length_29178_cov_418.042748	24285	26309	+	MGA_1524
NODE_24_length_29178_cov_418.042748	26315	27145	+	MGA_1525
NODE_24_length_29178_cov_418.042748	27237	27989	-	MGA_1526
NODE_24_length_29178_cov_418.042748	28037	28726	-	MGA_1527
NODE_25_length_27621_cov_360.328275	156	782	+	MGA_1528
NODE_25_length_27621_cov_360.328275	779	1174	+	MGA_1529
NODE_25_length_27621_cov_360.328275	1390	2265	+	MGA_1530
NODE_25_length_27621_cov_360.328275	2292	2930	+	MGA_1531
NODE_25_length_27621_cov_360.328275	2988	4499	+	MGA_1532
NODE_25_length_27621_cov_360.328275	4854	5786	+	MGA_1533
NODE_25_length_27621_cov_360.328275	5911	6033	-	MGA_1534
NODE_25_length_27621_cov_360.328275	6335	7522	+	MGA_1535
NODE_25_length_27621_cov_360.328275	7547	7807	-	MGA_1536
NODE_25_length_27621_cov_360.328275	7988	10243	-	MGA_1537
NODE_25_length_27621_cov_360.328275	10395	11264	+	MGA_1538
NODE_25_length_27621_cov_360.328275	11351	12559	-	MGA_1539
NODE_25_length_27621_cov_360.328275	12961	13752	+	MGA_1540
NODE_25_length_27621_cov_360.328275	13749	14915	+	MGA_1541
NODE_25_length_27621_cov_360.328275	14927	16486	+	MGA_1542
NODE_25_length_27621_cov_360.328275	16470	18659	-	MGA_1543
NODE_25_length_27621_cov_360.328275	18833	19825	+	MGA_1544
NODE_25_length_27621_cov_360.328275	19927	20427	+	MGA_1545
NODE_25_length_27621_cov_360.328275	20411	21589	+	MGA_1546
NODE_25_length_27621_cov_360.328275	21598	22026	+	MGA_1547
NODE_25_length_27621_cov_360.328275	22061	22309	-	MGA_1548
NODE_25_length_27621_cov_360.328275	22538	23461	+	MGA_1549
NODE_25_length_27621_cov_360.328275	23722	25797	+	MGA_1550
NODE_25_length_27621_cov_360.328275	25918	27567	+	MGA_1551
NODE_26_length_26527_cov_461.633989	1	1278	-	MGA_1552
NODE_26_length_26527_cov_461.633989	1466	2482	-	MGA_1553
NODE_26_length_26527_cov_461.633989	2886	3080	+	MGA_1554
NODE_26_length_26527_cov_461.633989	3180	6023	+	MGA_1555
NODE_26_length_26527_cov_461.633989	6250	6861	+	MGA_1556
NODE_26_length_26527_cov_461.633989	6885	7700	-	MGA_1557
NODE_26_length_26527_cov_461.633989	7774	9420	+	MGA_1558
NODE_26_length_26527_cov_461.633989	9501	10481	+	MGA_1559
NODE_26_length_26527_cov_461.633989	10561	11436	+	MGA_1560
NODE_26_length_26527_cov_461.633989	11446	12123	+	MGA_1561
NODE_26_length_26527_cov_461.633989	12271	13857	+	MGA_1562
NODE_26_length_26527_cov_461.633989	13972	15315	+	MGA_1563
NODE_26_length_26527_cov_461.633989	15607	16740	+	MGA_1564
NODE_26_length_26527_cov_461.633989	16869	18101	+	MGA_1565
NODE_26_length_26527_cov_461.633989	18223	18936	+	MGA_1566
NODE_26_length_26527_cov_461.633989	19187	20518	+	MGA_1567
NODE_26_length_26527_cov_461.633989	20717	21421	+	MGA_1568
NODE_26_length_26527_cov_461.633989	21671	22804	+	MGA_1569
NODE_26_length_26527_cov_461.633989	23015	23968	+	MGA_1570
NODE_26_length_26527_cov_461.633989	23968	24966	+	MGA_1571
NODE_26_length_26527_cov_461.633989	25019	25798	+	MGA_1572
NODE_27_length_23988_cov_452.589645	118	5112	-	MGA_1574
NODE_27_length_23988_cov_452.589645	5239	11241	-	MGA_1575
NODE_27_length_23988_cov_452.589645	12129	15869	-	MGA_1576
NODE_27_length_23988_cov_452.589645	16113	19406	-	MGA_1577
NODE_27_length_23988_cov_452.589645	19754	22951	-	MGA_1578
NODE_27_length_23988_cov_452.589645	23286	23891	-	MGA_1579
NODE_28_length_22188_cov_358.322554	245	715	-	MGA_1580
NODE_28_length_22188_cov_358.322554	785	2158	-	MGA_1581
NODE_28_length_22188_cov_358.322554	2198	3682	-	MGA_1582
NODE_28_length_22188_cov_358.322554	3865	5454	+	MGA_1583
NODE_28_length_22188_cov_358.322554	5451	5669	+	MGA_1584
NODE_28_length_22188_cov_358.322554	5703	6680	-	MGA_1585
NODE_28_length_22188_cov_358.322554	6788	7753	-	MGA_1586
NODE_28_length_22188_cov_358.322554	7972	9486	+	MGA_1587
NODE_28_length_22188_cov_358.322554	9500	10159	-	MGA_1588
NODE_28_length_22188_cov_358.322554	10156	11526	-	MGA_1589
NODE_28_length_22188_cov_358.322554	11499	12797	-	MGA_1590
NODE_28_length_22188_cov_358.322554	12935	16669	-	MGA_1591
NODE_28_length_22188_cov_358.322554	16732	17484	-	MGA_1592
NODE_28_length_22188_cov_358.322554	17877	19214	-	MGA_1593
NODE_28_length_22188_cov_358.322554	19540	20700	+	MGA_1594
NODE_28_length_22188_cov_358.322554	20847	21872	-	MGA_1595
NODE_29_length_21987_cov_372.902784	918	2102	-	MGA_1597
NODE_29_length_21987_cov_372.902784	2194	3261	-	MGA_1598
NODE_29_length_21987_cov_372.902784	3746	4531	-	MGA_1599
NODE_29_length_21987_cov_372.902784	4524	5315	-	MGA_1600
NODE_29_length_21987_cov_372.902784	5312	6214	-	MGA_1601
NODE_29_length_21987_cov_372.902784	6211	7188	-	MGA_1602
NODE_29_length_21987_cov_372.902784	7253	8872	-	MGA_1603
NODE_29_length_21987_cov_372.902784	8998	9768	+	MGA_1604
NODE_29_length_21987_cov_372.902784	9828	11219	-	MGA_1605
NODE_29_length_21987_cov_372.902784	11365	12708	-	MGA_1606
NODE_29_length_21987_cov_372.902784	13040	14392	-	MGA_1607
NODE_29_length_21987_cov_372.902784	14552	16252	+	MGA_1608
NODE_29_length_21987_cov_372.902784	16372	17385	-	MGA_1609
NODE_29_length_21987_cov_372.902784	17510	19585	-	MGA_1610
NODE_29_length_21987_cov_372.902784	19645	20652	-	MGA_1611
NODE_29_length_21987_cov_372.902784	20711	21637	-	MGA_1612
NODE_30_length_21194_cov_258.863854	3015	3380	-	MGA_1619
NODE_30_length_21194_cov_258.863854	3553	4185	-	MGA_1620
NODE_30_length_21194_cov_258.863854	4286	4729	-	MGA_1621
NODE_30_length_21194_cov_258.863854	4736	5557	-	MGA_1622
NODE_30_length_21194_cov_258.863854	5573	5905	-	MGA_1623
NODE_30_length_21194_cov_258.863854	5905	6882	-	MGA_1624
NODE_30_length_21194_cov_258.863854	6872	7489	-	MGA_1625
NODE_30_length_21194_cov_258.863854	7503	8354	-	MGA_1626
NODE_30_length_21194_cov_258.863854	8366	8629	-	MGA_1627
NODE_30_length_21194_cov_258.863854	8692	9360	-	MGA_1628
NODE_30_length_21194_cov_258.863854	9436	10383	-	MGA_1629
NODE_30_length_21194_cov_258.863854	10496	11365	-	MGA_1630
NODE_30_length_21194_cov_258.863854	11389	13476	-	MGA_1631
NODE_30_length_21194_cov_258.863854	14003	14854	-	MGA_1632
NODE_30_length_21194_cov_258.863854	15163	15321	-	MGA_1633
NODE_30_length_21194_cov_258.863854	15408	15557	+	MGA_1634
NODE_30_length_21194_cov_258.863854	15562	15789	+	MGA_1635
NODE_30_length_21194_cov_258.863854	16387	17103	-	MGA_1637
NODE_30_length_21194_cov_258.863854	17454	17747	-	MGA_1638
NODE_30_length_21194_cov_258.863854	18140	18598	-	MGA_1640
NODE_30_length_21194_cov_258.863854	18777	19292	+	MGA_1641
NODE_30_length_21194_cov_258.863854	19450	19632	+	MGA_1642
NODE_30_length_21194_cov_258.863854	19673	20206	-	MGA_1643
NODE_30_length_21194_cov_258.863854	20342	20671	-	MGA_1644
NODE_30_length_21194_cov_258.863854	20848	21033	+	MGA_1645
NODE_31_length_20851_cov_343.592375	1734	2168	+	MGA_1649
NODE_31_length_20851_cov_343.592375	18946	20550	+	MGA_1664
NODE_32_length_19003_cov_236.898922	751	1317	-	MGA_1667
NODE_32_length_19003_cov_236.898922	1338	2309	-	MGA_1668
NODE_32_length_19003_cov_236.898922	2376	3722	-	MGA_1669
NODE_32_length_19003_cov_236.898922	3862	5202	-	MGA_1670
NODE_32_length_19003_cov_236.898922	5613	6086	-	MGA_1672
NODE_32_length_19003_cov_236.898922	6552	9515	-	MGA_1673
NODE_32_length_19003_cov_236.898922	9558	10403	-	MGA_1674
NODE_32_length_19003_cov_236.898922	10499	11449	-	MGA_1675
NODE_32_length_19003_cov_236.898922	11564	12409	-	MGA_1676
NODE_32_length_19003_cov_236.898922	12478	13773	+	MGA_1677
NODE_32_length_19003_cov_236.898922	13801	14205	-	MGA_1678
NODE_32_length_19003_cov_236.898922	14484	15419	+	MGA_1679
NODE_32_length_19003_cov_236.898922	15803	16771	+	MGA_1680
NODE_34_length_15190_cov_642.230662	2352	4691	-	MGA_1685
NODE_34_length_15190_cov_642.230662	4688	7417	-	MGA_1686
NODE_34_length_15190_cov_642.230662	7710	8477	-	MGA_1687
NODE_34_length_15190_cov_642.230662	8660	9037	-	MGA_1688
NODE_34_length_15190_cov_642.230662	9129	9842	+	MGA_1689
NODE_34_length_15190_cov_642.230662	10247	11575	+	MGA_1690
NODE_34_length_15190_cov_642.230662	11831	12847	-	MGA_1691
NODE_34_length_15190_cov_642.230662	13230	14084	+	MGA_1692
NODE_34_length_15190_cov_642.230662	14084	14926	+	MGA_1693
NODE_35_length_14543_cov_251.251348	1212	2072	-	MGA_1695
NODE_35_length_14543_cov_251.251348	2197	3051	+	MGA_1696
NODE_35_length_14543_cov_251.251348	3067	3825	+	MGA_1697
NODE_35_length_14543_cov_251.251348	3815	5083	+	MGA_1698
NODE_35_length_14543_cov_251.251348	5095	5790	+	MGA_1699
NODE_35_length_14543_cov_251.251348	5881	8394	+	MGA_1700
NODE_35_length_14543_cov_251.251348	8515	11214	+	MGA_1701
NODE_35_length_14543_cov_251.251348	11360	11722	+	MGA_1702
NODE_35_length_14543_cov_251.251348	11722	12213	+	MGA_1703
NODE_35_length_14543_cov_251.251348	12273	14378	-	MGA_1704
NODE_36_length_13343_cov_310.918740	196	2259	-	MGA_1705
NODE_36_length_13343_cov_310.918740	2459	3733	-	MGA_1706
NODE_36_length_13343_cov_310.918740	3938	5296	-	MGA_1707
NODE_36_length_13343_cov_310.918740	5485	6945	+	MGA_1708
NODE_36_length_13343_cov_310.918740	8904	9452	-	MGA_1711
NODE_36_length_13343_cov_310.918740	9601	10095	-	MGA_1712
NODE_36_length_13343_cov_310.918740	10208	12073	-	MGA_1713
NODE_37_length_12809_cov_86.471254	508	1833	+	MGA_1715
NODE_37_length_12809_cov_86.471254	2121	3047	+	MGA_1716
NODE_37_length_12809_cov_86.471254	3068	3886	+	MGA_1717
NODE_37_length_12809_cov_86.471254	4047	6023	+	MGA_1718
NODE_37_length_12809_cov_86.471254	6722	12547	+	MGA_1719
NODE_38_length_12486_cov_494.432992	428	1831	-	MGA_1722
NODE_38_length_12486_cov_494.432992	1895	2176	-	MGA_1723
NODE_38_length_12486_cov_494.432992	2288	4996	+	MGA_1724
NODE_38_length_12486_cov_494.432992	5080	5814	-	MGA_1725
NODE_38_length_12486_cov_494.432992	6048	7727	-	MGA_1726
NODE_38_length_12486_cov_494.432992	7727	7987	-	MGA_1727
NODE_38_length_12486_cov_494.432992	8374	8820	-	MGA_1728
NODE_38_length_12486_cov_494.432992	8840	9088	-	MGA_1729
NODE_38_length_12486_cov_494.432992	9149	9805	-	MGA_1730
NODE_38_length_12486_cov_494.432992	9862	10152	-	MGA_1731
NODE_38_length_12486_cov_494.432992	10317	10799	+	MGA_1732
NODE_38_length_12486_cov_494.432992	10921	11934	+	MGA_1733
NODE_39_length_11158_cov_376.773486	1395	1766	+	MGA_1737
NODE_39_length_11158_cov_376.773486	1772	2242	+	MGA_1738
NODE_39_length_11158_cov_376.773486	2274	4397	+	MGA_1739
NODE_39_length_11158_cov_376.773486	4570	5769	+	MGA_1740
NODE_39_length_11158_cov_376.773486	6292	7110	+	MGA_1742
NODE_39_length_11158_cov_376.773486	7280	8344	+	MGA_1743
NODE_39_length_11158_cov_376.773486	8401	8886	-	MGA_1744
NODE_39_length_11158_cov_376.773486	8961	9329	-	MGA_1745
NODE_39_length_11158_cov_376.773486	9326	9862	-	MGA_1746
NODE_40_length_10387_cov_199.473521	349	984	+	MGA_1749
NODE_40_length_10387_cov_199.473521	1301	3124	-	MGA_1750
NODE_41_length_9803_cov_301.344438	432	3743	-	MGA_1753
NODE_41_length_9803_cov_301.344438	3793	4218	+	MGA_1754
NODE_41_length_9803_cov_301.344438	4261	5472	+	MGA_1755
NODE_41_length_9803_cov_301.344438	5530	6132	+	MGA_1756
NODE_41_length_9803_cov_301.344438	6192	7202	-	MGA_1757
NODE_43_length_8876_cov_435.244573	3837	4550	-	MGA_1763
NODE_43_length_8876_cov_435.244573	4825	6399	+	MGA_1764
NODE_43_length_8876_cov_435.244573	6548	7915	+	MGA_1765
NODE_45_length_8235_cov_388.943736	4	882	+	MGA_1767
NODE_45_length_8235_cov_388.943736	1048	1287	+	MGA_1768
NODE_45_length_8235_cov_388.943736	2633	3397	-	MGA_1770
NODE_45_length_8235_cov_388.943736	3411	5249	-	MGA_1771
NODE_45_length_8235_cov_388.943736	5511	6341	-	MGA_1772
NODE_45_length_8235_cov_388.943736	6357	7340	-	MGA_1773
NODE_46_length_7882_cov_359.304805	720	1589	-	MGA_1776
NODE_46_length_7882_cov_359.304805	2224	4917	-	MGA_1777
NODE_46_length_7882_cov_359.304805	5113	6168	-	MGA_1778
NODE_49_length_7363_cov_416.156327	398	1666	-	MGA_1780
NODE_49_length_7363_cov_416.156327	1693	2730	-	MGA_1781
NODE_49_length_7363_cov_416.156327	2850	4361	-	MGA_1782
NODE_49_length_7363_cov_416.156327	4765	5550	-	MGA_1783
NODE_49_length_7363_cov_416.156327	5547	6296	-	MGA_1784
NODE_50_length_7297_cov_356.147230	868	1650	+	MGA_1787
NODE_50_length_7297_cov_356.147230	1970	3406	+	MGA_1789
NODE_50_length_7297_cov_356.147230	3589	4110	-	MGA_1790
NODE_50_length_7297_cov_356.147230	4197	5285	-	MGA_1791
NODE_51_length_7106_cov_229.275715	599	790	+	MGA_1796
NODE_51_length_7106_cov_229.275715	811	2190	-	MGA_1797
NODE_51_length_7106_cov_229.275715	2454	2624	-	MGA_1798
NODE_51_length_7106_cov_229.275715	3064	5652	+	MGA_1799
NODE_51_length_7106_cov_229.275715	5710	7068	+	MGA_1800
NODE_53_length_6329_cov_393.768074	434	934	+	MGA_1801
NODE_53_length_6329_cov_393.768074	1256	2662	+	MGA_1802
NODE_53_length_6329_cov_393.768074	2753	3484	+	MGA_1803
NODE_53_length_6329_cov_393.768074	3602	5035	+	MGA_1804
NODE_53_length_6329_cov_393.768074	5116	5913	+	MGA_1805
NODE_54_length_6192_cov_371.226492	388	1341	-	MGA_1808
NODE_54_length_6192_cov_371.226492	1504	1980	-	MGA_1809
NODE_54_length_6192_cov_371.226492	3608	4531	-	MGA_1811
NODE_54_length_6192_cov_371.226492	4544	5722	-	MGA_1812
NODE_61_length_5306_cov_378.944349	631	2130	-	MGA_1817
NODE_61_length_5306_cov_378.944349	2156	3697	-	MGA_1818
NODE_61_length_5306_cov_378.944349	3701	3973	-	MGA_1819
NODE_61_length_5306_cov_378.944349	4167	5015	-	MGA_1820
NODE_63_length_4741_cov_411.190823	969	2246	-	MGA_1823
NODE_63_length_4741_cov_411.190823	2251	3105	-	MGA_1824
NODE_63_length_4741_cov_411.190823	3102	4052	-	MGA_1825
NODE_64_length_4584_cov_462.368094	741	1928	-	MGA_1828
NODE_64_length_4584_cov_462.368094	2115	3116	-	MGA_1829
NODE_64_length_4584_cov_462.368094	3210	4127	-	MGA_1830
NODE_66_length_4201_cov_318.178952	1234	1497	+	MGA_1833
NODE_66_length_4201_cov_318.178952	1501	1836	+	MGA_1834
NODE_66_length_4201_cov_318.178952	1853	2137	+	MGA_1835
NODE_66_length_4201_cov_318.178952	2340	2924	-	MGA_1836
NODE_66_length_4201_cov_318.178952	2921	3100	-	MGA_1837
NODE_66_length_4201_cov_318.178952	3314	3955	+	MGA_1838
NODE_76_length_2955_cov_413.757123	23	646	-	MGA_1847
NODE_76_length_2955_cov_413.757123	911	1285	+	MGA_1848
NODE_76_length_2955_cov_413.757123	1355	2350	+	MGA_1849
NODE_80_length_2665_cov_327.173493	1129	1791	-	MGA_1852
NODE_85_length_2157_cov_121.556731	234	1277	-	MGA_1854
NODE_85_length_2157_cov_121.556731	1274	1828	-	MGA_1855
NODE_92_length_1807_cov_23.798844	760	1581	+	MGA_1859
NODE_94_length_1634_cov_101.766859	109	1479	-	MGA_1862
NODE_115_length_1159_cov_72.798521	245	967	+	MGA_1872
NODE_125_length_1001_cov_11.888528	303	599	-	MGA_1877
