FileBase,Sample,CBM22,CBM32,CBM48,CBM6,CBM61,CBM91,CE1,CE9,GH101,GH109,GH112,GH120,GH121,GH125,GH127,GH129,GH13,GH184,GH2,GH20,GH25,GH3,GH30,GH31,GH32,GH36,GH38,GH42,GH43,GH5,GH51,GH53,GH65,GH77,GT119,GT2,GT28,GT35,GT4,GT5,GT51,CBM13,CE20,CE8,GH172,GH27,GH85,GT14,CE4,CE7,GH1,GH188,GH23,GH4,AA18,AA4,AA6,CE6,GH105,GH106,GH15,GH170,GH179,GH18,GH190,GH24,GH28,GH35,GH78,GH88,GT1,GT27,GT8,PL12,AA1,AA3,AA7,CBM34,CE11,CE14,GH102,GH103,GH104,GH153,GH186,GH33,GH37,GH58,GH63,GH73,GH8,GT120,GT121,GT19,GT20,GT26,GT30,GT56,GT83,GT9,GT122,GT81,GT126,GT32,GT111
Bl-ODIWGS34,ODIWGS34,2,1,1,1,1,2,1,1,1,1,1,1,1,1,1,1,9,1,2,1,2,5,1,1,3,1,2,3,14,2,4,1,1,2,2,5,1,1,1,1,2,0,0,0,0,0,0,0,0,0,0,0,0,0,0,0,0,0,0,0,0,0,0,0,0,0,0,0,0,0,0,0,0,0,0,0,0,0,0,0,0,0,0,0,0,0,0,0,0,0,0,0,0,0,0,0,0,0,0,0,0,0,0,0,0
Bl-ODIWGS72,ODIWGS72,2,1,1,1,1,2,1,1,1,1,1,1,1,1,1,1,9,1,2,1,2,5,1,1,3,1,2,3,13,2,4,1,1,2,2,5,1,1,1,1,2,0,0,0,0,0,0,0,0,0,0,0,0,0,0,0,0,0,0,0,0,0,0,0,0,0,0,0,0,0,0,0,0,0,0,0,0,0,0,0,0,0,0,0,0,0,0,0,0,0,0,0,0,0,0,0,0,0,0,0,0,0,0,0,0
Bl-ODIWGS87,ODIWGS87,2,1,1,1,1,1,1,1,1,1,1,0,1,1,2,1,9,1,1,1,2,4,1,2,3,1,2,1,14,2,5,1,0,2,2,11,1,1,3,1,2,1,1,1,2,1,1,1,0,0,0,0,0,0,0,0,0,0,0,0,0,0,0,0,0,0,0,0,0,0,0,0,0,0,0,0,0,0,0,0,0,0,0,0,0,0,0,0,0,0,0,0,0,0,0,0,0,0,0,0,0,0,0,0,0
Bl-ODIWGS93,ODIWGS93,2,1,1,1,1,2,1,1,1,1,1,1,1,1,1,1,8,1,2,1,2,4,1,1,3,1,2,3,14,2,4,1,1,2,2,5,1,1,1,1,2,0,0,0,0,0,0,0,0,0,0,0,0,0,0,0,0,0,0,0,0,0,0,0,0,0,0,0,0,0,0,0,0,0,0,0,0,0,0,0,0,0,0,0,0,0,0,0,0,0,0,0,0,0,0,0,0,0,0,0,0,0,0,0,0
Ca-ODIWGS58,ODIWGS58,0,0,1,0,0,0,0,1,0,1,0,0,0,0,0,0,4,0,1,0,0,0,0,0,3,0,0,0,0,1,0,0,0,2,3,2,2,2,1,1,1,0,0,0,0,0,0,0,1,1,5,1,1,1,0,0,0,0,0,0,0,0,0,0,0,0,0,0,0,0,0,0,0,0,0,0,0,0,0,0,0,0,0,0,0,0,0,0,0,0,0,0,0,0,0,0,0,0,0,0,0,0,0,0,0
Ca-ODIWGS60,ODIWGS60,0,0,1,0,0,0,0,1,0,1,0,0,0,0,0,0,4,0,1,0,0,0,0,0,3,0,0,0,0,1,0,0,0,2,3,2,2,2,1,1,1,0,0,0,0,0,0,0,1,1,5,3,1,1,0,0,0,0,0,0,0,0,0,0,0,0,0,0,0,0,0,0,0,0,0,0,0,0,0,0,0,0,0,0,0,0,0,0,0,0,0,0,0,0,0,0,0,0,0,0,0,0,0,0,0
Eb-ODIWGS18,ODIWGS18,0,0,2,0,0,2,0,2,0,0,1,0,0,0,0,0,11,0,3,0,4,4,0,3,2,3,1,0,2,2,1,0,0,2,3,13,1,2,3,1,3,0,0,1,0,0,0,0,7,0,3,7,1,4,2,1,1,1,3,1,1,1,2,3,1,1,2,1,1,3,1,1,1,2,0,0,0,0,0,0,0,0,0,0,0,0,0,0,0,0,0,0,0,0,0,0,0,0,0,0,0,0,0,0,0
Ec-ODIWGS68,ODIWGS68,0,0,2,0,0,0,4,2,0,1,0,0,0,0,0,0,7,0,3,0,1,2,0,1,0,0,0,0,0,0,0,0,1,1,2,8,1,2,2,1,4,0,0,1,0,0,0,0,2,0,4,1,5,2,0,0,2,0,0,0,0,0,2,0,0,2,0,0,0,0,0,0,3,0,2,1,1,1,1,1,1,1,1,1,2,1,2,1,1,2,1,1,1,1,1,1,1,1,1,4,0,0,0,0,0
El-ODIWGS39,ODIWGS39,0,0,0,0,0,0,0,1,0,0,0,0,0,0,0,0,0,0,1,0,1,0,0,0,0,0,0,0,0,0,0,0,0,0,3,13,2,0,5,0,3,1,0,0,0,0,0,0,1,0,0,1,0,0,0,0,0,0,0,0,0,0,0,0,0,0,0,0,0,0,0,0,0,0,0,0,0,0,0,0,0,0,0,0,0,0,0,0,0,3,0,0,0,0,1,1,0,1,0,0,1,1,0,0,0
El-ODIWGS89,ODIWGS89,0,0,0,0,0,0,0,1,0,0,0,0,0,0,0,0,0,0,1,0,1,0,0,0,0,0,0,0,0,0,0,0,0,0,3,13,2,0,5,0,3,1,0,0,0,0,0,0,1,0,0,1,0,0,0,0,0,0,0,0,0,0,0,0,0,0,0,0,0,0,0,0,0,0,0,0,0,0,0,0,0,0,0,0,0,0,0,0,0,2,0,0,0,0,1,1,0,1,0,0,1,1,0,0,0
El-ODIWGS93,ODIWGS93,0,0,0,0,0,0,0,1,0,0,0,0,0,0,0,0,0,0,0,0,2,0,0,0,0,0,0,0,0,0,0,0,0,0,3,17,2,0,6,0,3,0,0,0,0,0,0,0,1,0,0,1,0,0,0,0,0,0,0,0,0,0,0,0,0,0,0,0,0,0,0,0,0,0,0,0,0,0,0,0,0,0,0,0,0,0,0,0,0,2,0,0,0,0,1,1,0,0,0,0,0,1,1,1,0
Lf-ODIWGS47,ODIWGS47,0,0,0,0,0,0,0,0,0,0,0,0,0,0,0,0,1,0,1,0,0,0,0,0,1,1,0,0,0,0,0,0,1,0,2,1,1,0,4,0,2,0,0,0,0,0,0,0,0,0,0,0,0,0,0,0,0,0,0,0,0,0,0,0,0,0,0,0,0,0,0,0,0,0,1,0,0,0,0,0,0,0,0,0,0,0,0,0,0,4,0,0,0,0,0,0,0,0,0,0,0,0,0,0,1
